arm,content,declared_signal,n,within_observer,within_observer_sd,between_observer,between_observer_sd,engaged_fraction,engaged_fraction_sd,accuracy
A_active_inference,goal_empty,SIG_CREATOR,4000,0.11079786554522392,0.08932202502694468,1.3790311654511744,0.004207300097556936,0.05060714285714286,0.10336312211986359,
B_bayesian_always_deep,goal_empty,SIG_CREATOR,4000,0.21208238704255472,0.3086217321115343,1.3803362237870194,0.005259663853324598,1.0,0.0,
C_label_truster,goal_empty,SIG_CREATOR,4000,1.367209920775344,0.01274312807014887,1.379130063778978,0.004005265061088284,1.0,0.0,
D_effort_heuristic@0.01,goal_empty,SIG_CREATOR,4000,1.367209920775344,0.01274312807014887,1.379130063778978,0.004005265061088284,1.0,0.0,
D_effort_heuristic@0.02,goal_empty,SIG_CREATOR,4000,1.367209920775344,0.01274312807014887,1.379130063778978,0.004005265061088284,1.0,0.0,
D_effort_heuristic@0.05,goal_empty,SIG_CREATOR,4000,1.367209920775344,0.01274312807014887,1.379130063778978,0.004005265061088284,0.7601785714285715,0.06592770958582597,
D_effort_heuristic@0.1,goal_empty,SIG_CREATOR,4000,1.367209920775344,0.01274312807014887,1.379130063778978,0.004005265061088284,0.1031428571428571,0.03549401583889495,
D_effort_heuristic@0.2,goal_empty,SIG_CREATOR,4000,1.367209920775344,0.01274312807014887,1.379130063778978,0.004005265061088284,0.0714285714285714,2.775904571323773e-17,
D_effort_heuristic@0.4,goal_empty,SIG_CREATOR,4000,1.367209920775344,0.01274312807014887,1.379130063778978,0.004005265061088284,0.0714285714285714,2.775904571323773e-17,
E_no_tom_classifier@0.6,goal_empty,SIG_CREATOR,4000,0.32424404994215444,0.27888276015811175,1.3792197158888464,0.004961482529153247,0.01544642857142857,0.048765497961233154,
E_no_tom_classifier@0.8,goal_empty,SIG_CREATOR,4000,0.2301146622594992,0.18542244979814462,1.3786121477949613,0.0058472945459585824,0.05726785714285714,0.1178815525471397,
E_no_tom_classifier@0.95,goal_empty,SIG_CREATOR,4000,0.11649709173690269,0.1462523641831846,1.3800972358383583,0.003807895200119426,0.22107142857142856,0.2966934128609947,
E_no_tom_classifier@0.99,goal_empty,SIG_CREATOR,4000,0.1347303876743484,0.2467992247394959,1.380448039870409,0.005180131879922977,0.441,0.398098090814604,
A_active_inference,goal_empty,SIG_GHOST,4000,1.3358042975079616,0.043819192244695285,1.378896295350629,0.004906928420793972,0.0,0.0,
B_bayesian_always_deep,goal_empty,SIG_GHOST,4000,1.2955954465817359,0.07677846170866229,1.37683514490744,0.007504121565708358,1.0,0.0,
C_label_truster,goal_empty,SIG_GHOST,4000,1.3669886617093425,0.013180660082939905,1.3789356518740274,0.005037261763794567,0.0,0.0,
D_effort_heuristic@0.01,goal_empty,SIG_GHOST,4000,1.3669886617093425,0.013180660082939905,1.3789356518740274,0.005037261763794567,1.0,0.0,
D_effort_heuristic@0.02,goal_empty,SIG_GHOST,4000,1.3669886617093425,0.013180660082939905,1.3789356518740274,0.005037261763794567,1.0,0.0,
D_effort_heuristic@0.05,goal_empty,SIG_GHOST,4000,1.3669886617093425,0.013180660082939905,1.3789356518740274,0.005037261763794567,0.759875,0.06480318360619569,
D_effort_heuristic@0.1,goal_empty,SIG_GHOST,4000,1.3669886617093425,0.013180660082939905,1.3789356518740274,0.005037261763794567,0.10317857142857138,0.0354980234699724,
D_effort_heuristic@0.2,goal_empty,SIG_GHOST,4000,1.3669886617093425,0.013180660082939905,1.3789356518740274,0.005037261763794567,0.0714285714285714,2.775904571323773e-17,
D_effort_heuristic@0.4,goal_empty,SIG_GHOST,4000,1.3669886617093425,0.013180660082939905,1.3789356518740274,0.005037261763794567,0.0714285714285714,2.775904571323773e-17,
E_no_tom_classifier@0.6,goal_empty,SIG_GHOST,4000,0.32622180038544996,0.28195974764836046,1.3781125356292965,0.004924401067151855,0.01476785714285714,0.04458435240513372,
E_no_tom_classifier@0.8,goal_empty,SIG_GHOST,4000,0.2298579280632045,0.18783017842956237,1.3791193011957665,0.004447877387363306,0.05848214285714286,0.11845273661326775,
E_no_tom_classifier@0.95,goal_empty,SIG_GHOST,4000,0.11579915910011306,0.14612809834480642,1.3800002444318384,0.004280425003634098,0.21689285714285714,0.2930128046122439,
E_no_tom_classifier@0.99,goal_empty,SIG_GHOST,4000,0.13163456597252066,0.24159140648760807,1.379485010032088,0.004663376758125327,0.44353571428571426,0.400439598949551,
A_active_inference,goal_empty,UNSIGNED,4000,1.2357559028955296,0.22474445438264015,1.3785902889503783,0.005814143267186413,0.0,0.0,
B_bayesian_always_deep,goal_empty,UNSIGNED,4000,1.2763124580624186,0.13644540173388442,1.3756767835035457,0.007635753950339734,1.0,0.0,
C_label_truster,goal_empty,UNSIGNED,4000,1.3669077250539383,0.013048592918915114,1.379935750659376,0.005256159565430841,1.0,0.0,
D_effort_heuristic@0.01,goal_empty,UNSIGNED,4000,1.3669077250539383,0.013048592918915114,1.379935750659376,0.005256159565430841,1.0,0.0,
D_effort_heuristic@0.02,goal_empty,UNSIGNED,4000,1.3669077250539383,0.013048592918915114,1.379935750659376,0.005256159565430841,1.0,0.0,
D_effort_heuristic@0.05,goal_empty,UNSIGNED,4000,1.3669077250539383,0.013048592918915114,1.379935750659376,0.005256159565430841,0.7594642857142858,0.06547135954483095,
D_effort_heuristic@0.1,goal_empty,UNSIGNED,4000,1.3669077250539383,0.013048592918915114,1.379935750659376,0.005256159565430841,0.1027678571428571,0.035449735542301825,
D_effort_heuristic@0.2,goal_empty,UNSIGNED,4000,1.3669077250539383,0.013048592918915114,1.379935750659376,0.005256159565430841,0.0714285714285714,2.775904571323773e-17,
D_effort_heuristic@0.4,goal_empty,UNSIGNED,4000,1.3669077250539383,0.013048592918915114,1.379935750659376,0.005256159565430841,0.0714285714285714,2.775904571323773e-17,
E_no_tom_classifier@0.6,goal_empty,UNSIGNED,4000,0.32925961561485473,0.28534303593810095,1.3807247305307104,0.003979682968851432,0.015660714285714285,0.04638926268495465,
E_no_tom_classifier@0.8,goal_empty,UNSIGNED,4000,0.22561815660619494,0.18466089627365756,1.380336348029671,0.0035647433390559435,0.06228571428571428,0.12504860729534661,
E_no_tom_classifier@0.95,goal_empty,UNSIGNED,4000,0.11348138746022889,0.1400893151107538,1.3791271412801154,0.004637081226417535,0.21725,0.29184014278838666,
E_no_tom_classifier@0.99,goal_empty,UNSIGNED,4000,0.13154237271686114,0.24402790947137412,1.377337988125755,0.006522394998463892,0.44032142857142853,0.39657748915668206,
A_active_inference,goal_foreign,SIG_CREATOR,4000,1.1836264677705832,0.40198766118716933,1.3789561391662923,0.005059668713105267,0.9227678571428571,0.24544940522142084,
B_bayesian_always_deep,goal_foreign,SIG_CREATOR,4000,1.185708706602201,0.3994334427597862,1.3790554181335266,0.00504643870834371,1.0,0.0,
C_label_truster,goal_foreign,SIG_CREATOR,4000,1.3672251943808365,0.01282184996153922,1.3789175131295335,0.006341874967129444,1.0,0.0,
D_effort_heuristic@0.01,goal_foreign,SIG_CREATOR,4000,1.3672251943808365,0.01282184996153922,1.3789175131295335,0.006341874967129444,0.9950535714285714,0.059852282874321906,
D_effort_heuristic@0.02,goal_foreign,SIG_CREATOR,4000,1.3672251943808365,0.01282184996153922,1.3789175131295335,0.006341874967129444,0.9527857142857143,0.15619477707583537,
D_effort_heuristic@0.05,goal_foreign,SIG_CREATOR,4000,1.3672251943808365,0.01282184996153922,1.3789175131295335,0.006341874967129444,0.38883928571428567,0.1718415098462202,
D_effort_heuristic@0.1,goal_foreign,SIG_CREATOR,4000,1.3672251943808365,0.01282184996153922,1.3789175131295335,0.006341874967129444,0.07894642857142856,0.021922403331749902,
D_effort_heuristic@0.2,goal_foreign,SIG_CREATOR,4000,1.3672251943808365,0.01282184996153922,1.3789175131295335,0.006341874967129444,0.0714285714285714,2.775904571323773e-17,
D_effort_heuristic@0.4,goal_foreign,SIG_CREATOR,4000,1.3672251943808365,0.01282184996153922,1.3789175131295335,0.006341874967129444,0.0714285714285714,2.775904571323773e-17,
E_no_tom_classifier@0.6,goal_foreign,SIG_CREATOR,4000,0.5086276220643505,0.3267806317854233,1.3793227564648503,0.005682904237559819,0.1283392857142857,0.29396284065921036,
E_no_tom_classifier@0.8,goal_foreign,SIG_CREATOR,4000,0.425082338512837,0.2752115671703424,1.3799147006742976,0.004645951377687104,0.278625,0.3930484553969518,
E_no_tom_classifier@0.95,goal_foreign,SIG_CREATOR,4000,0.3164923729906474,0.2976088976571486,1.379458484569186,0.0052661592698469255,0.5048035714285715,0.42436357856587303,
E_no_tom_classifier@0.99,goal_foreign,SIG_CREATOR,4000,0.2776058536937685,0.3295834504907984,1.379297726880954,0.005628462227296355,0.6900535714285715,0.38476678376300755,
A_active_inference,goal_foreign,SIG_GHOST,4000,1.3667942531450894,0.013402426647042656,1.3808745297285527,0.003991854154707304,0.0,0.0,
B_bayesian_always_deep,goal_foreign,SIG_GHOST,4000,1.3663008344434675,0.01397508758969731,1.3802852160978945,0.0049364847014600486,1.0,0.0,
C_label_truster,goal_foreign,SIG_GHOST,4000,1.3671232633115624,0.012946044283367214,1.380401423656404,0.004220874805725563,0.0,0.0,
D_effort_heuristic@0.01,goal_foreign,SIG_GHOST,4000,1.3671232633115624,0.012946044283367214,1.380401423656404,0.004220874805725563,0.9940357142857142,0.06461156733160105,
D_effort_heuristic@0.02,goal_foreign,SIG_GHOST,4000,1.3671232633115624,0.012946044283367214,1.380401423656404,0.004220874805725563,0.9419285714285714,0.1719334751344388,
D_effort_heuristic@0.05,goal_foreign,SIG_GHOST,4000,1.3671232633115624,0.012946044283367214,1.380401423656404,0.004220874805725563,0.3821071428571428,0.17660167866012294,
D_effort_heuristic@0.1,goal_foreign,SIG_GHOST,4000,1.3671232633115624,0.012946044283367214,1.380401423656404,0.004220874805725563,0.07830357142857142,0.021069332755621863,
D_effort_heuristic@0.2,goal_foreign,SIG_GHOST,4000,1.3671232633115624,0.012946044283367214,1.380401423656404,0.004220874805725563,0.0714285714285714,2.775904571323773e-17,
D_effort_heuristic@0.4,goal_foreign,SIG_GHOST,4000,1.3671232633115624,0.012946044283367214,1.380401423656404,0.004220874805725563,0.0714285714285714,2.775904571323773e-17,
E_no_tom_classifier@0.6,goal_foreign,SIG_GHOST,4000,0.5008480492842362,0.32848720715125784,1.3766116429889532,0.005617114822417217,0.131,0.29750476711354945,
E_no_tom_classifier@0.8,goal_foreign,SIG_GHOST,4000,0.4195559975075308,0.2768527279966377,1.3763199066086744,0.00602720944655329,0.272625,0.38907980930221053,
E_no_tom_classifier@0.95,goal_foreign,SIG_GHOST,4000,0.3140869004582639,0.29764010445088734,1.3773475831260424,0.005514287031000821,0.49471428571428566,0.4268115666859741,
E_no_tom_classifier@0.99,goal_foreign,SIG_GHOST,4000,0.27495329386595835,0.3296843409886884,1.3777070605520927,0.004817848685253752,0.6805178571428571,0.3905891211814459,
A_active_inference,goal_foreign,UNSIGNED,4000,1.255144727855275,0.31677512321272633,1.3801318855910938,0.004181362665808054,0.6129464285714286,0.48046379519660565,
B_bayesian_always_deep,goal_foreign,UNSIGNED,4000,1.2550058092216805,0.31780739953323384,1.3806309931568324,0.004023335437686961,1.0,0.0,
C_label_truster,goal_foreign,UNSIGNED,4000,1.3667591345156116,0.013105578538943676,1.3794242166811803,0.004569096378017371,1.0,0.0,
D_effort_heuristic@0.01,goal_foreign,UNSIGNED,4000,1.3667591345156116,0.013105578538943676,1.3794242166811803,0.004569096378017371,0.9926428571428572,0.07136213106881387,
D_effort_heuristic@0.02,goal_foreign,UNSIGNED,4000,1.3667591345156116,0.013105578538943676,1.3794242166811803,0.004569096378017371,0.9345714285714286,0.18280805033489467,
D_effort_heuristic@0.05,goal_foreign,UNSIGNED,4000,1.3667591345156116,0.013105578538943676,1.3794242166811803,0.004569096378017371,0.36430357142857145,0.17301596495260518,
D_effort_heuristic@0.1,goal_foreign,UNSIGNED,4000,1.3667591345156116,0.013105578538943676,1.3794242166811803,0.004569096378017371,0.07851785714285713,0.02135962634249498,
D_effort_heuristic@0.2,goal_foreign,UNSIGNED,4000,1.3667591345156116,0.013105578538943676,1.3794242166811803,0.004569096378017371,0.0714285714285714,2.775904571323773e-17,
D_effort_heuristic@0.4,goal_foreign,UNSIGNED,4000,1.3667591345156116,0.013105578538943676,1.3794242166811803,0.004569096378017371,0.0714285714285714,2.775904571323773e-17,
E_no_tom_classifier@0.6,goal_foreign,UNSIGNED,4000,0.4928109453267203,0.3233535391214155,1.3809198731369094,0.004537845978581575,0.130875,0.30382874154329387,
E_no_tom_classifier@0.8,goal_foreign,UNSIGNED,4000,0.41564313066520525,0.2733541559481836,1.3812662496296189,0.003932568705922331,0.26475,0.38955294611058383,
E_no_tom_classifier@0.95,goal_foreign,UNSIGNED,4000,0.31337735403809835,0.2970780047610518,1.3805394396286859,0.004636154218856271,0.4787857142857143,0.4262657886453214,
E_no_tom_classifier@0.99,goal_foreign,UNSIGNED,4000,0.2724798541848098,0.33004711758464833,1.380517776057072,0.004414435764647029,0.6715714285714287,0.3858544143463088,
A_active_inference,human_directed,SIG_CREATOR,4000,2.258427237221274e-05,0.001281373797125019,0.0,0.0,0.0,0.0,1.0
B_bayesian_always_deep,human_directed,SIG_CREATOR,4000,2.875337428783388e-19,1.6609353545377967e-17,0.0,0.0,1.0,0.0,1.0
C_label_truster,human_directed,SIG_CREATOR,4000,1.3670535651378555,0.012770639374581784,1.3807225822437763,0.0040519022966054585,1.0,0.0,0.24775
D_effort_heuristic@0.01,human_directed,SIG_CREATOR,4000,1.3670535651378555,0.012770639374581784,1.3807225822437763,0.0040519022966054585,0.999642857142857,0.016673427190081636,0.24775
D_effort_heuristic@0.02,human_directed,SIG_CREATOR,4000,1.3670535651378555,0.012770639374581784,1.3807225822437763,0.0040519022966054585,0.9855535714285715,0.08767756379707514,0.24775
D_effort_heuristic@0.05,human_directed,SIG_CREATOR,4000,1.3670535651378555,0.012770639374581784,1.3807225822437763,0.0040519022966054585,0.40355357142857146,0.16690367383370217,0.24775
D_effort_heuristic@0.1,human_directed,SIG_CREATOR,4000,1.3670535651378555,0.012770639374581784,1.3807225822437763,0.0040519022966054585,0.0810535714285714,0.024392788422641594,0.24775
D_effort_heuristic@0.2,human_directed,SIG_CREATOR,4000,1.3670535651378555,0.012770639374581784,1.3807225822437763,0.0040519022966054585,0.0714285714285714,2.775904571323773e-17,0.24775
D_effort_heuristic@0.4,human_directed,SIG_CREATOR,4000,1.3670535651378555,0.012770639374581784,1.3807225822437763,0.0040519022966054585,0.0714285714285714,2.775904571323773e-17,0.24775
E_no_tom_classifier@0.6,human_directed,SIG_CREATOR,4000,0.00012569880555812285,0.00324555926824047,0.0,0.0,0.0,0.0,1.0
E_no_tom_classifier@0.8,human_directed,SIG_CREATOR,4000,0.00012569880555812285,0.00324555926824047,0.0,0.0,0.0,0.0,1.0
E_no_tom_classifier@0.95,human_directed,SIG_CREATOR,4000,0.00012569880555812285,0.00324555926824047,0.0,0.0,0.0,0.0,1.0
E_no_tom_classifier@0.99,human_directed,SIG_CREATOR,4000,5.603483058036457e-05,0.0009856562054830589,0.0,0.0,5.357142857142857e-05,0.0019556627696264094,1.0
A_active_inference,human_directed,SIG_GHOST,4000,0.9843498365638463,0.13905610821636796,0.003147906594716675,0.009443719784150024,0.0,0.0,0.9995
B_bayesian_always_deep,human_directed,SIG_GHOST,4000,0.2094704921537098,0.08239176552603754,0.0,0.0,1.0,0.0,1.0
C_label_truster,human_directed,SIG_GHOST,4000,1.3669728409870041,0.013057806752951694,1.378215558145744,0.007107871570413268,0.0,0.0,0.258
D_effort_heuristic@0.01,human_directed,SIG_GHOST,4000,1.3669728409870041,0.013057806752951694,1.378215558145744,0.007107871570413268,0.9996071428571429,0.015399670408377626,0.258
D_effort_heuristic@0.02,human_directed,SIG_GHOST,4000,1.3669728409870041,0.013057806752951694,1.378215558145744,0.007107871570413268,0.9847857142857143,0.08745277884518124,0.258
D_effort_heuristic@0.05,human_directed,SIG_GHOST,4000,1.3669728409870041,0.013057806752951694,1.378215558145744,0.007107871570413268,0.40725,0.16465372107859416,0.258
D_effort_heuristic@0.1,human_directed,SIG_GHOST,4000,1.3669728409870041,0.013057806752951694,1.378215558145744,0.007107871570413268,0.08080357142857142,0.02412255597090614,0.258
D_effort_heuristic@0.2,human_directed,SIG_GHOST,4000,1.3669728409870041,0.013057806752951694,1.378215558145744,0.007107871570413268,0.0714285714285714,2.775904571323773e-17,0.258
D_effort_heuristic@0.4,human_directed,SIG_GHOST,4000,1.3669728409870041,0.013057806752951694,1.378215558145744,0.007107871570413268,0.0714285714285714,2.775904571323773e-17,0.258
E_no_tom_classifier@0.6,human_directed,SIG_GHOST,4000,0.0003256286174727322,0.00818231942000575,0.0,0.0,0.0,0.0,1.0
E_no_tom_classifier@0.8,human_directed,SIG_GHOST,4000,0.0003256286174727322,0.00818231942000575,0.0,0.0,0.0,0.0,1.0
E_no_tom_classifier@0.95,human_directed,SIG_GHOST,4000,0.00017886917985401323,0.0029361938601944614,0.0,0.0,3.571428571428571e-05,0.0015969917011627143,1.0
E_no_tom_classifier@0.99,human_directed,SIG_GHOST,4000,0.00013000801556218306,0.0019816216006020427,0.0,0.0,8.928571428571427e-05,0.0029871106771168117,1.0
A_active_inference,human_directed,UNSIGNED,4000,0.0030570458760076696,0.026036160636830105,0.0,0.0,0.0,0.0,1.0
B_bayesian_always_deep,human_directed,UNSIGNED,4000,3.222330504654138e-08,6.085281755637806e-07,0.0,0.0,1.0,0.0,1.0
C_label_truster,human_directed,UNSIGNED,4000,1.3668647099615956,0.013222089388239636,1.3778749461659632,0.007069245837061006,1.0,0.0,0.26
D_effort_heuristic@0.01,human_directed,UNSIGNED,4000,1.3668647099615956,0.013222089388239636,1.3778749461659632,0.007069245837061006,0.9996071428571429,0.017566908712789858,0.26
D_effort_heuristic@0.02,human_directed,UNSIGNED,4000,1.3668647099615956,0.013222089388239636,1.3778749461659632,0.007069245837061006,0.9863571428571429,0.08004568077932954,0.26
D_effort_heuristic@0.05,human_directed,UNSIGNED,4000,1.3668647099615956,0.013222089388239636,1.3778749461659632,0.007069245837061006,0.4056607142857142,0.16556509009890563,0.26
D_effort_heuristic@0.1,human_directed,UNSIGNED,4000,1.3668647099615956,0.013222089388239636,1.3778749461659632,0.007069245837061006,0.0806785714285714,0.023985320711149345,0.26
D_effort_heuristic@0.2,human_directed,UNSIGNED,4000,1.3668647099615956,0.013222089388239636,1.3778749461659632,0.007069245837061006,0.0714285714285714,2.775904571323773e-17,0.26
D_effort_heuristic@0.4,human_directed,UNSIGNED,4000,1.3668647099615956,0.013222089388239636,1.3778749461659632,0.007069245837061006,0.0714285714285714,2.775904571323773e-17,0.26
E_no_tom_classifier@0.6,human_directed,UNSIGNED,4000,0.00023400862990352223,0.006110818608642232,0.0,0.0,0.0,0.0,1.0
E_no_tom_classifier@0.8,human_directed,UNSIGNED,4000,0.00023400862990352223,0.006110818608642232,0.0,0.0,0.0,0.0,1.0
E_no_tom_classifier@0.95,human_directed,UNSIGNED,4000,0.0001692660462099492,0.0034583088766131833,0.0,0.0,1.7857142857142855e-05,0.0011293848786315642,1.0
E_no_tom_classifier@0.99,human_directed,UNSIGNED,4000,8.302672778215475e-05,0.0011643947945649533,0.0,0.0,0.00010714285714285712,0.0035702673781199366,1.0
