leak,reader,encounter,rejectable,gate_open,looked,drift_from_start,value_divergence,arm
0.1,0,0,True,0.10084262038022532,0.125,9.060563683062394e-05,0.8660951386331155,skims_it
0.1,0,1,True,0.1,0.16666666666666666,0.0008680320686009603,5.976091209367787,skims_it
0.1,0,2,True,0.10000000000000295,0.125,0.0008059664392528775,4.767640925792622,skims_it
0.1,0,3,True,0.1,0.375,0.0033007971026837966,5.72400229326359,skims_it
0.1,0,4,True,0.11655293050508131,0.08333333333333333,0.0031437131334643223,0.20820998817162573,skims_it
0.1,0,5,True,0.1000000035285427,0.08333333333333333,0.004082946287548808,2.8637932207274277,skims_it
0.1,0,6,True,0.10000003833489203,0.08333333333333333,0.005141101204383491,2.5220494645510354,skims_it
0.1,0,7,True,0.10000000034582932,0.08333333333333333,0.005206092358641529,3.1864612470152758,skims_it
0.1,0,8,True,0.1,0.16666666666666666,0.005933579014500572,5.986699438009843,skims_it
0.1,0,9,True,0.10000000028104056,0.16666666666666666,0.00810140846972527,3.1787331460964876,skims_it
0.1,0,10,True,0.10000001294081043,0.08333333333333333,0.009295363963296312,2.60852452536809,skims_it
0.1,0,11,True,0.1,0.20833333333333334,0.01343994271509924,8.319127420002554,skims_it
0.1,0,12,True,0.10000000000009177,0.125,0.016240557054137073,4.301302161737579,skims_it
0.1,0,13,True,0.10000018016995361,0.08333333333333333,0.016256517640795554,2.299221600860862,skims_it
0.1,0,14,True,0.10000000003951232,0.20833333333333334,0.021350940808347513,3.512900061963254,skims_it
0.1,0,15,True,0.10000003524014514,0.08333333333333333,0.01974948731780049,2.5202432658084444,skims_it
0.1,0,16,True,0.1000000136164617,0.08333333333333333,0.018376309863310986,2.650168120918063,skims_it
0.1,0,17,True,0.10000227522639532,0.08333333333333333,0.020192311950069222,1.9004243371073062,skims_it
0.1,0,18,True,0.1,0.16666666666666666,0.020198122333952406,6.731941266789582,skims_it
0.1,0,19,True,0.1,0.5416666666666666,0.015183948004969243,13.81549901951634,skims_it
0.1,1,0,True,0.1000001598493434,0.08333333333333333,8.078354265990493e-05,2.3102586532888867,skims_it
0.1,1,1,True,0.1000000090571502,0.08333333333333333,0.000316907868121817,2.6596466026065047,skims_it
0.1,1,2,True,0.10000000068645953,0.08333333333333333,0.0007222618975119017,3.0519741295421365,skims_it
0.1,1,3,True,0.10000000032662619,0.16666666666666666,0.0007481755226173645,3.1184623518107593,skims_it
0.1,1,4,True,0.10000000000111063,0.125,0.0005066705066160207,3.9837015534757843,skims_it
0.1,1,5,True,0.10000004650548204,0.08333333333333333,0.0008634898686797655,2.4789788192909223,skims_it
0.1,1,6,True,0.1,0.5416666666666666,0.0052501774285775744,13.815510173408617,skims_it
0.1,1,7,True,0.1000000915121008,0.08333333333333333,0.004814080613901619,2.35202448224449,skims_it
0.1,1,8,True,0.10000000000000095,0.125,0.004496751223439632,4.912748148972697,skims_it
0.1,1,9,True,0.1,0.20833333333333334,0.004716942708230212,7.834169683032238,skims_it
0.1,1,10,True,0.10000000000005177,0.125,0.0046106064448955195,4.393496279737412,skims_it
0.1,1,11,True,0.10000000210042968,0.08333333333333333,0.004753432494341778,2.903282712754612,skims_it
0.1,1,12,True,0.1,0.4166666666666667,0.0004582925149524599,8.367503054924965,skims_it
0.1,1,13,True,0.10000000000000642,0.125,0.00047309334567379943,4.660422875119154,skims_it
0.1,1,14,True,0.1000001571160373,0.08333333333333333,0.0006901477448538734,2.295420555675702,skims_it
0.1,1,15,True,0.10000000000001123,0.20833333333333334,0.0018812856478735741,4.5886680614971125,skims_it
0.1,1,16,True,0.1,0.16666666666666666,0.0011558333317500933,6.147315639320546,skims_it
0.1,1,17,True,0.1,0.16666666666666666,0.0012945068351983315,6.604666670064178,skims_it
0.1,1,18,True,0.1,0.20833333333333334,0.002589664979704545,9.008765800517992,skims_it
0.1,1,19,True,0.1,0.16666666666666666,0.004439309499520393,6.970064406586403,skims_it
0.1,2,0,True,0.1,0.16666666666666666,0.0004094471058272526,6.369138816445545,skims_it
0.1,2,1,True,0.10000075105352871,0.125,0.00038330970746351103,1.9799438374150196,skims_it
0.1,2,2,True,0.1,0.16666666666666666,0.0013982742516802284,6.109120408177259,skims_it
0.1,2,3,True,0.10000001471188578,0.08333333333333333,0.002100724184860878,2.654407388654234,skims_it
0.1,2,4,True,0.1000000000001843,0.125,0.002167753423138368,4.218165889190865,skims_it
0.1,2,5,True,0.10000000000000017,0.20833333333333334,0.004578050885682776,5.141140732187088,skims_it
0.1,2,6,True,0.1,0.16666666666666666,0.007249475025412769,6.461126842950005,skims_it
0.1,2,7,True,0.10000000000226957,0.20833333333333334,0.005885287653541035,3.778875096815685,skims_it
0.1,2,8,True,0.10000041204532469,0.08333333333333333,0.005665952129224482,2.112276011537764,skims_it
0.1,2,9,True,0.10000000000000665,0.125,0.005693667258890843,4.658533248871828,skims_it
0.1,2,10,True,0.10000167659304841,0.08333333333333333,0.006709794839736122,1.9053034230433943,skims_it
0.1,2,11,True,0.10000000479779414,0.08333333333333333,0.00567001353911647,2.7572362409895392,skims_it
0.1,2,12,True,0.10000000000001942,0.125,0.004962205059831335,4.521072159041294,skims_it
0.1,2,13,True,0.10386136019829746,0.08333333333333333,0.00475333679073148,0.588954994213056,skims_it
0.1,2,14,True,0.10000000000027438,0.125,0.004851522093783609,4.159760956380127,skims_it
0.1,2,15,True,0.10000304001732802,0.16666666666666666,0.006644496384341817,1.828767885663682,skims_it
0.1,2,16,True,0.10000005202301009,0.16666666666666666,0.006209144681701436,2.4896476750198255,skims_it
0.1,2,17,True,0.10000000001194653,0.08333333333333333,0.004887623893664112,3.6531485616196937,skims_it
0.1,2,18,True,0.10000000001007678,0.08333333333333333,0.0038104960374878804,3.666097236475987,skims_it
0.1,2,19,True,0.1000000000000001,0.125,0.0038187771427755307,5.203908459851497,skims_it
0.1,3,0,True,0.1,0.16666666666666666,0.0004103087531331642,6.7187166072267,skims_it
0.1,3,1,True,0.10000000000006301,0.125,0.0004281266931097649,4.367036048029137,skims_it
0.1,3,2,True,0.10000000000000002,0.125,0.0003000973549718627,5.514221798742558,skims_it
0.1,3,3,True,0.10000001908309379,0.16666666666666666,0.0007436234430616214,2.6098693155982398,skims_it
0.1,3,4,True,0.10000000011420863,0.08333333333333333,0.0003884652551889812,3.346703292595468,skims_it
0.1,3,5,True,0.1000000038894364,0.08333333333333333,0.0007984060220580808,2.8434297998064935,skims_it
0.1,3,6,True,0.10000016612609954,0.08333333333333333,0.0007168303159402326,2.2569625205869888,skims_it
0.1,3,7,True,0.1,0.16666666666666666,0.0011137920568199556,6.819993892812231,skims_it
0.1,3,8,True,0.1,0.2916666666666667,0.0014979897661808426,9.746440863139862,skims_it
0.1,3,9,True,0.1,0.16666666666666666,0.00038921559686604893,6.295189107279813,skims_it
0.1,3,10,True,0.1107708452734424,0.125,0.00029046793207107655,0.24976049976117842,skims_it
0.1,3,11,True,0.1,0.375,0.002199922261177087,7.971100739051697,skims_it
0.1,3,12,True,0.10000000100334848,0.08333333333333333,0.0030613823982093835,3.0482134110254786,skims_it
0.1,3,13,True,0.1000000000028316,0.125,0.002325562382140621,3.8613142580145943,skims_it
0.1,3,14,True,0.10000000000000002,0.125,0.002259975691301288,5.512385905619522,skims_it
0.1,3,15,True,0.10000000000000009,0.125,0.0015825609451406292,5.215773953501912,skims_it
0.1,3,16,True,0.10000000000030024,0.125,0.001391080528146408,4.143965439544357,skims_it
0.1,3,17,True,0.10000018039100717,0.08333333333333333,0.0015046512684116949,2.2960254321715245,skims_it
0.1,3,18,True,0.1000000000000021,0.125,0.002512811089974424,4.811130744887409,skims_it
0.1,3,19,True,0.1,0.25,0.0011203678097220192,10.012748362937502,skims_it
0.1,4,0,True,0.10003242912346472,0.125,0.00013660100584015483,1.4572581350689329,skims_it
0.1,4,1,True,0.10000000000205425,0.125,0.0006842535893855526,3.892006124704482,skims_it
0.1,4,2,True,0.10000000001762213,0.08333333333333333,0.0012623927439378213,3.598230525807171,skims_it
0.1,4,3,True,0.1,0.25,0.00416052729870435,9.701209631230663,skims_it
0.1,4,4,True,0.1,0.16666666666666666,0.0036075728359329386,6.907158518777792,skims_it
0.1,4,5,True,0.1,0.16666666666666666,0.0027985073933054832,5.835855106963136,skims_it
0.1,4,6,True,0.10000000000002894,0.16666666666666666,0.002844108147980395,4.470624846182311,skims_it
0.1,4,7,True,0.10000000000000057,0.125,0.003398128033218935,4.9755357099607425,skims_it
0.1,4,8,True,0.10000000049411412,0.08333333333333333,0.0041217238245886394,3.138256010544404,skims_it
0.1,4,9,True,0.10000000284445106,0.16666666666666666,0.0025501302219197684,2.916879294887741,skims_it
0.1,4,10,True,0.10000000719690665,0.08333333333333333,0.002926900431873134,2.7676978667464174,skims_it
0.1,4,11,True,0.1,0.16666666666666666,0.001996211455729217,5.669034474002629,skims_it
0.1,4,12,True,0.1000000000000073,0.125,0.0027583911909271255,4.64480483760864,skims_it
0.1,4,13,True,0.10000000126968993,0.08333333333333333,0.0034355722975218522,2.991580951658973,skims_it
0.1,4,14,True,0.10000000000014846,0.125,0.002253190368790601,4.238008969548388,skims_it
0.1,4,15,True,0.1,0.3333333333333333,0.004870136780425152,12.976166370330947,skims_it
0.1,4,16,True,0.10069328593351913,0.125,0.005300761529601881,0.9763299470705488,skims_it
0.1,4,17,True,0.1,0.16666666666666666,0.003978639009977856,6.1763404873801715,skims_it
0.1,4,18,True,0.10000004328211869,0.08333333333333333,0.004739389374629649,2.511956136397146,skims_it
0.1,4,19,True,0.10000000127859911,0.16666666666666666,0.006796397350739711,3.0270070716054653,skims_it
0.1,5,0,True,0.10000005705290105,0.08333333333333333,8.050401718663787e-05,2.43448429193378,skims_it
0.1,5,1,True,0.10000000000000188,0.125,0.00021659136405098893,4.82324127851786,skims_it
0.1,5,2,True,0.1,0.3333333333333333,0.002134417788835479,12.93801213169348,skims_it
0.1,5,3,True,0.10000000053905259,0.08333333333333333,0.0030000544979021174,3.124850749196649,skims_it
0.1,5,4,True,0.10000000002375094,0.08333333333333333,0.004029185332533394,3.5442668893263627,skims_it
0.1,5,5,True,0.1,0.3333333333333333,0.003365915009935317,9.617747462617581,skims_it
0.1,5,6,True,0.10000013059896466,0.16666666666666666,0.005213103428341324,2.3503203611720878,skims_it
0.1,5,7,True,0.1,0.20833333333333334,0.006144680829777854,8.636389363456159,skims_it
0.1,5,8,True,0.1,0.4583333333333333,0.012246806906421985,13.815497597259425,skims_it
0.1,5,9,True,0.10000000000000031,0.125,0.014684330548146,5.0605152482165145,skims_it
0.1,5,10,True,0.10000000000000031,0.125,0.012341324533107528,5.058634498204723,skims_it
0.1,5,11,True,0.10000000557693087,0.16666666666666666,0.013212143580458337,2.772589049532703,skims_it
0.1,5,12,True,0.10000000000260748,0.125,0.011307390375346407,3.866091750585839,skims_it
0.1,5,13,True,0.10000000056242757,0.25,0.013657024826702842,3.0987687860490007,skims_it
0.1,5,14,True,0.10000000000002125,0.20833333333333334,0.016803180902238514,4.508117264628295,skims_it
0.1,5,15,True,0.10012184453117019,0.125,0.018083086438296106,1.2766359943190855,skims_it
0.1,5,16,True,0.10000000000005607,0.125,0.019993881608794103,4.368503271515342,skims_it
0.1,5,17,True,0.10000000000001259,0.125,0.02202000843385566,4.5748247240813935,skims_it
0.1,5,18,True,0.10000000227732839,0.08333333333333333,0.019889831088558768,2.932742746013919,skims_it
0.1,5,19,True,0.10000000001671888,0.16666666666666666,0.022823807030412313,3.587703981791662,skims_it
0.1,6,0,True,0.10000001766279606,0.08333333333333333,8.498960017889199e-05,2.6279797574147077,skims_it
0.1,6,1,True,0.10000000000000223,0.125,0.0002180064091616158,4.799116029874675,skims_it
0.1,6,2,True,0.1,0.20833333333333334,0.001435622188277327,8.381335988076788,skims_it
0.1,6,3,True,0.10000000000000119,0.125,0.001149806364101588,4.879779203196476,skims_it
0.1,6,4,True,0.10000000000006483,0.125,0.0022499311393301027,4.354315722230159,skims_it
0.1,6,5,True,0.10000001274530776,0.08333333333333333,0.0021987082687614924,2.673283134838616,skims_it
0.1,6,6,True,0.10000001921531446,0.16666666666666666,0.0039879184074218125,2.633619590262066,skims_it
0.1,6,7,True,0.10000000000000002,0.125,0.0034514940284381818,5.4165323083329895,skims_it
0.1,6,8,True,0.10000000434817752,0.08333333333333333,0.0033625509489186465,2.7902739299179116,skims_it
0.1,6,9,True,0.1000000000000004,0.125,0.002243038816436374,5.023439012245888,skims_it
0.1,6,10,True,0.10019355088401903,0.125,0.002009997997401071,1.092180379863633,skims_it
0.1,6,11,True,0.10000000029036812,0.08333333333333333,0.00196062529956976,3.2140525693881736,skims_it
0.1,6,12,True,0.10000000000000002,0.125,0.001157252049230436,5.529123390678029,skims_it
0.1,6,13,True,0.10000000004401215,0.08333333333333333,0.000915295578581696,3.438469565361356,skims_it
0.1,6,14,True,0.1,0.20833333333333334,0.0029359504758101167,8.54637380296746,skims_it
0.1,6,15,True,0.1,0.16666666666666666,0.0022859420724087674,7.271965889817081,skims_it
0.1,6,16,True,0.1,0.25,0.0019356947389586416,6.898188859055732,skims_it
0.1,6,17,True,0.10000000000002233,0.125,0.00115908716170589,4.503247615500124,skims_it
0.1,6,18,True,0.100000000000035,0.125,0.001530664101102159,4.445831918562989,skims_it
0.1,6,19,True,0.1000000019451356,0.08333333333333333,0.0019821982243053357,2.9462184080339324,skims_it
0.1,7,0,True,0.10000010360351384,0.08333333333333333,8.089348125736671e-05,2.364228067111128,skims_it
0.1,7,1,True,0.10000000248128729,0.08333333333333333,0.00011093409612700222,2.909744070065548,skims_it
0.1,7,2,True,0.1,0.16666666666666666,0.0002760582429741625,6.412156775555543,skims_it
0.1,7,3,True,0.1437319215138035,0.08333333333333333,0.00024409465916620104,0.10448716245178286,skims_it
0.1,7,4,True,0.1,0.25,0.0018589726476274486,10.17122188602013,skims_it
0.1,7,5,True,0.10000102407756416,0.08333333333333333,0.0025571727993896343,1.9430125164221979,skims_it
0.1,7,6,True,0.10000000000004138,0.125,0.001992444836926087,4.416204383027768,skims_it
0.1,7,7,True,0.1011758027506501,0.125,0.0027475893631342466,0.7565453679365967,skims_it
0.1,7,8,True,0.1000000000163035,0.08333333333333333,0.0037663636320699953,3.602800609014315,skims_it
0.1,7,9,True,0.10000000000000002,0.125,0.0034866493379717006,5.497681999548399,skims_it
0.1,7,10,True,0.10000000000000218,0.125,0.003666972409235636,4.807292497209418,skims_it
0.1,7,11,True,0.10281907212890519,0.125,0.003916088413421934,0.7291545828734807,skims_it
0.1,7,12,True,0.10000000000000023,0.125,0.004803696447508478,5.098196409010264,skims_it
0.1,7,13,True,0.10000000148871906,0.16666666666666666,0.006452364946065495,2.981236240216566,skims_it
0.1,7,14,True,0.10000000619511704,0.25,0.009940508394891445,2.7817636138358073,skims_it
0.1,7,15,True,0.1,0.20833333333333334,0.00773668606898505,7.734814485811792,skims_it
0.1,7,16,True,0.10000000000019313,0.125,0.0071370094402624495,4.21872764664173,skims_it
0.1,7,17,True,0.10000004540368135,0.08333333333333333,0.0058321748508249095,2.473039681163401,skims_it
0.1,7,18,True,0.10000002910906487,0.20833333333333334,0.008644499682808962,2.444024735432482,skims_it
0.1,7,19,True,0.1012911004323794,0.20833333333333334,0.008416667735102044,0.9235494710124228,skims_it
0.1,8,0,True,0.10000000000000003,0.125,0.00022843521080896786,5.362057224046116,skims_it
0.1,8,1,True,0.1,0.2916666666666667,0.0011307754975353988,12.020418820443599,skims_it
0.1,8,2,True,0.10013640819156722,0.125,0.001284680819352237,1.1692397725080304,skims_it
0.1,8,3,True,0.18310423136775414,0.125,0.0012174742511686116,0.022284892496440986,skims_it
0.1,8,4,True,0.10000000204247064,0.08333333333333333,0.001043096629753812,2.928402378499879,skims_it
0.1,8,5,True,0.1000000003061469,0.08333333333333333,0.0012398915342225272,3.1590252463865154,skims_it
0.1,8,6,True,0.1,0.16666666666666666,0.0004083867650177672,6.372780924760653,skims_it
0.1,8,7,True,0.10000000054604248,0.08333333333333333,0.00032454710285618994,3.1209561635771563,skims_it
0.1,8,8,True,0.1,0.16666666666666666,0.001158442412819231,6.349918453095105,skims_it
0.1,8,9,True,0.10000000000000023,0.125,0.0011852159590291858,5.097014064705787,skims_it
0.1,8,10,True,0.10000000000000002,0.125,0.0005396179133868536,5.417989476464338,skims_it
0.1,8,11,True,0.10000003291174933,0.08333333333333333,0.0006845412499884157,2.5416773423710057,skims_it
0.1,8,12,True,0.10000000352995393,0.08333333333333333,0.00047996873872137476,2.8002381497777047,skims_it
0.1,8,13,True,0.1,0.16666666666666666,0.0012705852255488065,6.715893857211761,skims_it
0.1,8,14,True,0.10000000000002686,0.20833333333333334,0.0021739926437485887,4.460029776826602,skims_it
0.1,8,15,True,0.10000000390355732,0.08333333333333333,0.0016283493145020853,2.837006314234729,skims_it
0.1,8,16,True,0.1468704038965023,0.08333333333333333,0.0013396215670012646,0.09886958324208811,skims_it
0.1,8,17,True,0.10000000000000413,0.125,0.000825688383372436,4.726074941580455,skims_it
0.1,8,18,True,0.10000002328431752,0.08333333333333333,0.0012453770316489688,2.539342790567395,skims_it
0.1,8,19,True,0.10000000000002537,0.125,0.0011167098386512852,4.480941262019461,skims_it
0.1,9,0,True,0.10000000000000012,0.125,0.00022750763321595152,5.181965928481468,skims_it
0.1,9,1,True,0.10000043880996623,0.08333333333333333,0.0005631790935666948,2.1592443111699953,skims_it
0.1,9,2,True,0.1,0.5,0.0032667526551098426,13.81551054719948,skims_it
0.1,9,3,True,0.1000000000000206,0.125,0.0035188327966280478,4.511829663990649,skims_it
0.1,9,4,True,0.10000001972426846,0.16666666666666666,0.002565151838806715,2.6215416626622288,skims_it
0.1,9,5,True,0.1,0.16666666666666666,0.0023862100166073793,6.370399881838957,skims_it
0.1,9,6,True,0.1000133054023909,0.16666666666666666,0.003649242294270918,1.629005394069424,skims_it
0.1,9,7,True,0.1,0.375,0.00564149879403265,13.305297324355752,skims_it
0.1,9,8,True,0.1,0.2916666666666667,0.00972157234623082,12.000418741467385,skims_it
0.1,9,9,True,0.10000000000028929,0.125,0.011983948716782392,4.168004870024752,skims_it
0.1,9,10,True,0.10000000000244705,0.08333333333333333,0.011323472438642707,3.8720154553922734,skims_it
0.1,9,11,True,0.10000012417113326,0.08333333333333333,0.010862249925572963,2.343532074072218,skims_it
0.1,9,12,True,0.1,0.375,0.019295617029111853,13.815504507338982,skims_it
0.1,9,13,True,0.1,0.4583333333333333,0.020643964970416352,13.815510239329077,skims_it
0.1,9,14,True,0.10000000161732772,0.08333333333333333,0.022288039047196312,2.9643044896686965,skims_it
0.1,9,15,True,0.10000015532981764,0.08333333333333333,0.021236577993746154,2.2969570127536993,skims_it
0.1,9,16,True,0.1000000000000138,0.125,0.019999183203673783,4.556976910065955,skims_it
0.1,9,17,True,0.10000000116419111,0.08333333333333333,0.019463865324561527,3.0200744222969753,skims_it
0.1,9,18,True,0.10000000391547673,0.08333333333333333,0.019900195496146057,2.796110529989979,skims_it
0.1,9,19,True,0.1,0.16666666666666666,0.023367212115828317,7.095047994363496,skims_it
0.1,10,0,True,0.10000000000000027,0.125,0.00022626727680860863,5.074971940268352,skims_it
0.1,10,1,True,0.10087698669551404,0.125,0.0006294760295587334,0.9243989091118439,skims_it
0.1,10,2,True,0.11270611690493035,0.125,0.0010860452024089263,0.4021607503521607,skims_it
0.1,10,3,True,0.1,0.5,0.003294750054266885,13.81551008267417,skims_it
0.1,10,4,True,0.10000325909071248,0.08333333333333333,0.002808757208224228,1.849660839045418,skims_it
0.1,10,5,True,0.10000000000000668,0.125,0.0032362321880827875,4.66207263231218,skims_it
0.1,10,6,True,0.10000000000000223,0.125,0.002662478168408266,4.80410220254158,skims_it
0.1,10,7,True,0.10000001871276218,0.08333333333333333,0.001905055654551062,2.5943771547114873,skims_it
0.1,10,8,True,0.1,0.3333333333333333,0.002492267921273949,7.32526753121847,skims_it
0.1,10,9,True,0.103173450276113,0.08333333333333333,0.0026623863761693206,0.5211544280171415,skims_it
0.1,10,10,True,0.10000000880089607,0.08333333333333333,0.0031025516980932102,2.7310972894558634,skims_it
0.1,10,11,True,0.10000000000000128,0.125,0.0031601640494750213,4.8704457931803775,skims_it
0.1,10,12,True,0.10000000000000485,0.125,0.004062063636745619,4.694015348102152,skims_it
0.1,10,13,True,0.10078041238543622,0.08333333333333333,0.004214645003331033,0.837069138007203,skims_it
0.1,10,14,True,0.10000000000000558,0.125,0.0024655686962192745,4.679323296701991,skims_it
0.1,10,15,True,0.10000000002014818,0.08333333333333333,0.0031326085846635036,3.579726074828795,skims_it
0.1,10,16,True,0.1,0.20833333333333334,0.005654474087936533,7.709065278266663,skims_it
0.1,10,17,True,0.10000000001705299,0.125,0.007536478228876389,3.5841790634913333,skims_it
0.1,10,18,True,0.10000000000000016,0.125,0.009831147326679494,5.153917456386964,skims_it
0.1,10,19,True,0.1,0.4166666666666667,0.01998724152677562,13.815494643620918,skims_it
0.1,11,0,True,0.10000000807106978,0.16666666666666666,0.00034926241400814366,2.7561571287486912,skims_it
0.1,11,1,True,0.1,0.4166666666666667,0.004602242045717049,13.815507542984912,skims_it
0.1,11,2,True,0.10000000000000048,0.125,0.004073855177981027,5.002162742560682,skims_it
0.1,11,3,True,0.100000010722343,0.08333333333333333,0.003609331146050436,2.6376846565407996,skims_it
0.1,11,4,True,0.10000006178332423,0.08333333333333333,0.003456904119702845,2.4108353829678513,skims_it
0.1,11,5,True,0.1,0.5833333333333334,0.003751681698937852,13.815510545965182,skims_it
0.1,11,6,True,0.1,0.20833333333333334,0.006183844114023555,7.28847494842651,skims_it
0.1,11,7,True,0.1014681214458233,0.08333333333333333,0.006867673221152868,0.7689895941417326,skims_it
0.1,11,8,True,0.1,0.16666666666666666,0.0097222394550864,6.445152000291369,skims_it
0.1,11,9,True,0.10000281504082738,0.08333333333333333,0.009015489321549004,1.8748713487727346,skims_it
0.1,11,10,True,0.10000012905092821,0.08333333333333333,0.010384018896670684,2.3168870765292526,skims_it
0.1,11,11,True,0.1,0.20833333333333334,0.00741994509901335,8.218519248736651,skims_it
0.1,11,12,True,0.1,0.16666666666666666,0.006179144918365777,6.018932831854533,skims_it
0.1,11,13,True,0.1,0.16666666666666666,0.0060470577439464285,6.379850292749845,skims_it
0.1,11,14,True,0.10000000002585935,0.125,0.004511483265502936,3.542842715138571,skims_it
0.1,11,15,True,0.1000000313286717,0.08333333333333333,0.004040812415334069,2.4908882636156613,skims_it
0.1,11,16,True,0.10000000001183786,0.08333333333333333,0.0041324555401502355,3.6470995966945017,skims_it
0.1,11,17,True,0.1,0.16666666666666666,0.004913148827493115,6.243903922736087,skims_it
0.1,11,18,True,0.1,0.5416666666666666,0.012538748706214159,13.815509951729977,skims_it
0.1,11,19,True,0.13339453776360435,0.08333333333333333,0.011683666761324589,0.1525676351114787,skims_it
0.1,12,0,True,0.10000000000006677,0.125,0.000222807885027937,4.3580451293296685,skims_it
0.1,12,1,True,0.100000000266729,0.08333333333333333,0.0002156544928332317,3.1985255935173935,skims_it
0.1,12,2,True,0.10000000099257346,0.08333333333333333,0.00015153437277710155,3.0147281306376956,skims_it
0.1,12,3,True,0.10000000000001068,0.20833333333333334,0.0011736283394597272,4.603146083216565,skims_it
0.1,12,4,True,0.10000000000000002,0.125,0.0011758460287052313,5.45307972912013,skims_it
0.1,12,5,True,0.1,0.16666666666666666,0.0018841356818205743,6.136998899853887,skims_it
0.1,12,6,True,0.10000000004138704,0.16666666666666666,0.002980355817019621,3.483861094499307,skims_it
0.1,12,7,True,0.10000003335042373,0.08333333333333333,0.003729305414563285,2.5388244398681272,skims_it
0.1,12,8,True,0.1,0.16666666666666666,0.005885064368180045,6.122314535956522,skims_it
0.1,12,9,True,0.10000000075511878,0.08333333333333333,0.006118994533284405,3.0413933367615837,skims_it
0.1,12,10,True,0.10000000001873756,0.20833333333333334,0.004118040165318244,3.6243357980785698,skims_it
0.1,12,11,True,0.1000000000000566,0.16666666666666666,0.002667378665359867,4.3803903264270065,skims_it
0.1,12,12,True,0.1000000000000002,0.2916666666666667,0.0022596747514308747,5.123303321776365,skims_it
0.1,12,13,True,0.10000000056190599,0.08333333333333333,0.0029367411739637814,3.10198573464517,skims_it
0.1,12,14,True,0.1,0.16666666666666666,0.0015235509249854947,5.670356171358398,skims_it
0.1,12,15,True,0.1,0.16666666666666666,0.0012243217941033386,6.4219485362933355,skims_it
0.1,12,16,True,0.10000000036313962,0.08333333333333333,0.0013738286115309896,3.1891020900976117,skims_it
0.1,12,17,True,0.10000150569709033,0.08333333333333333,0.0013091392853190774,1.9729871945950317,skims_it
0.1,12,18,True,0.1,0.16666666666666666,0.0017645564197871768,6.356938989539358,skims_it
0.1,12,19,True,0.10000003577798215,0.08333333333333333,0.0022027131443091382,2.475681356726096,skims_it
0.1,13,0,True,0.1,0.16666666666666666,0.00040970818278336825,6.339814345065981,skims_it
0.1,13,1,True,0.1,0.4583333333333333,0.002750424066908808,13.81551029909049,skims_it
0.1,13,2,True,0.1,0.16666666666666666,0.0031414271652219997,6.556785869022499,skims_it
0.1,13,3,True,0.10000000002455127,0.08333333333333333,0.002579467162625181,3.551641126195367,skims_it
0.1,13,4,True,0.1,0.20833333333333334,0.0049677367398989185,7.843395556605418,skims_it
0.1,13,5,True,0.10000000000000103,0.125,0.004226557233780257,4.900712474313236,skims_it
0.1,13,6,True,0.11601203061191281,0.08333333333333333,0.004161936210148534,0.31004582672750447,skims_it
0.1,13,7,True,0.1,0.25,0.002049454123481939,9.463739031882723,skims_it
0.1,13,8,True,0.10000000000000027,0.125,0.0017807106036623107,5.072386679235283,skims_it
0.1,13,9,True,0.1000003616111384,0.16666666666666666,0.0032041622961842906,2.104096960737419,skims_it
0.1,13,10,True,0.10000000000455411,0.125,0.004820452528583924,3.767101883684093,skims_it
0.1,13,11,True,0.10000002309740182,0.16666666666666666,0.004659015023051499,2.614893222463103,skims_it
0.1,13,12,True,0.10000000014944015,0.08333333333333333,0.004245213889798314,3.2745467281821234,skims_it
0.1,13,13,True,0.1,0.3333333333333333,0.006130482012380693,9.111559839492905,skims_it
0.1,13,14,True,0.10000000000000002,0.20833333333333334,0.0035015667446592763,5.51266941781498,skims_it
0.1,13,15,True,0.10000007958775399,0.16666666666666666,0.002484522678216472,2.3851607275674165,skims_it
0.1,13,16,True,0.10000000000000042,0.125,0.0035232883753851998,5.016057720464569,skims_it
0.1,13,17,True,0.1000000000002293,0.20833333333333334,0.0018866851427126012,4.198870487873482,skims_it
0.1,13,18,True,0.10000000000000314,0.125,0.0024207552935866378,4.758524940747618,skims_it
0.1,13,19,True,0.10000353661792562,0.08333333333333333,0.002100204299594906,1.8222342120725281,skims_it
0.1,14,0,True,0.10000000000000259,0.16666666666666666,0.00040055222536799877,4.784987134690133,skims_it
0.1,14,1,True,0.10000000000292672,0.08333333333333333,0.000363452469159517,3.845999126940698,skims_it
0.1,14,2,True,0.13948193501281955,0.08333333333333333,0.00028742293480560257,0.1390833534010144,skims_it
0.1,14,3,True,0.10000000000782513,0.08333333333333333,0.0004285765308973122,3.688353446625049,skims_it
0.1,14,4,True,0.1,0.5,0.0052561297638200714,13.815508039361806,skims_it
0.1,14,5,True,0.10000000027066541,0.08333333333333333,0.006548982756323769,3.2201747461897594,skims_it
0.1,14,6,True,0.1,0.5833333333333334,0.006926934734196977,13.8155101848345,skims_it
0.1,14,7,True,0.10000000000000046,0.125,0.008517086401163845,5.0075331834419385,skims_it
0.1,14,8,True,0.10000000000000181,0.125,0.010455582997203818,4.830757591237191,skims_it
0.1,14,9,True,0.10000000000000066,0.125,0.0127325131733236,4.962232653579574,skims_it
0.1,14,10,True,0.16423413079469992,0.08333333333333333,0.012299225649275922,0.012100098081091498,skims_it
0.1,14,11,True,0.10000000995820096,0.08333333333333333,0.01382088509599081,2.696604547581711,skims_it
0.1,14,12,True,0.1,0.25,0.015512018106448332,6.440994314535002,skims_it
0.1,14,13,True,0.10000000000000044,0.125,0.013591724588182343,5.00907203824747,skims_it
0.1,14,14,True,0.1,0.2916666666666667,0.011222074299428106,8.444454674385153,skims_it
0.1,14,15,True,0.1,0.20833333333333334,0.006512942485362501,8.79105791609362,skims_it
0.1,14,16,True,0.10000000000000096,0.125,0.008307193730334256,4.906653180477651,skims_it
0.1,14,17,True,0.1,0.16666666666666666,0.007712290505725125,6.046008985774261,skims_it
0.1,14,18,True,0.10000016072121673,0.08333333333333333,0.007901334896500467,2.2248415045484857,skims_it
0.1,14,19,True,0.1,0.20833333333333334,0.009232608798380379,7.741678937921149,skims_it
0.1,15,0,True,0.1,0.4166666666666667,0.0025367536041300282,13.815503487135627,skims_it
0.1,15,1,True,0.10014854210198006,0.125,0.003620970067543165,1.1784561620117586,skims_it
0.1,15,2,True,0.1000000000000012,0.125,0.0032000846435818265,4.879925140204075,skims_it
0.1,15,3,True,0.1,0.16666666666666666,0.0025207506073558587,6.909263199928149,skims_it
0.1,15,4,True,0.10000010981148409,0.16666666666666666,0.002594148148096857,2.3479037091447004,skims_it
0.1,15,5,True,0.10000000090587736,0.08333333333333333,0.002899742722122978,3.0499371353627884,skims_it
0.1,15,6,True,0.10000000000096244,0.20833333333333334,0.005142948195270544,4.016651917064087,skims_it
0.1,15,7,True,0.10000095780832415,0.08333333333333333,0.006152584694312093,2.038294486719969,skims_it
0.1,15,8,True,0.1,0.16666666666666666,0.004377093664413204,6.073704196411205,skims_it
0.1,15,9,True,0.10000000037359259,0.08333333333333333,0.003717790051554669,3.1476332144690673,skims_it
0.1,15,10,True,0.10000000008710097,0.125,0.0029349330456201923,3.3972143593626316,skims_it
0.1,15,11,True,0.10000000016833449,0.16666666666666666,0.003055513649187533,3.2365174674825674,skims_it
0.1,15,12,True,0.1,0.16666666666666666,0.002495738591280227,6.331751631739244,skims_it
0.1,15,13,True,0.10000001705767082,0.08333333333333333,0.0017428199144047946,2.616379096097147,skims_it
0.1,15,14,True,0.1000000000000264,0.125,0.00207278760013168,4.47491681783969,skims_it
0.1,15,15,True,0.10000000388973197,0.08333333333333333,0.002649163822726886,2.816831411074406,skims_it
0.1,15,16,True,0.10000000000000002,0.125,0.0015692923039165498,5.543638454567997,skims_it
0.1,15,17,True,0.10000000096393152,0.08333333333333333,0.0022272205973338163,3.047688474863862,skims_it
0.1,15,18,True,0.10000000000016984,0.125,0.0017948577283047155,4.2295198013625255,skims_it
0.1,15,19,True,0.10000000000000361,0.125,0.0030080675602237768,4.73574022887569,skims_it
0.1,0,0,True,0.1,0.6666666666666666,0.006401437908397957,13.815489423029817,reads_it_closely
0.1,0,1,True,0.1,0.8333333333333334,0.028898216876526633,13.815510056195036,reads_it_closely
0.1,0,2,True,0.1,0.75,0.02476670291879195,13.815510557885773,reads_it_closely
0.1,0,3,True,0.1,0.7916666666666666,0.037756248688843294,13.81551055708677,reads_it_closely
0.1,0,4,True,0.1,0.6666666666666666,0.023449963768056782,13.815510521184121,reads_it_closely
0.1,0,5,True,0.1,0.6666666666666666,0.04073848207827552,13.815510485279738,reads_it_closely
0.1,0,6,True,0.1,0.6666666666666666,0.06528430172816427,13.815509600030428,reads_it_closely
0.1,0,7,True,0.1,0.75,0.06797142930041891,13.81551054369852,reads_it_closely
0.1,0,8,True,0.1,0.6666666666666666,0.08154016705672024,13.815510496332623,reads_it_closely
0.1,0,9,True,0.1,0.7083333333333334,0.10291564499413104,13.8155105156192,reads_it_closely
0.1,0,10,True,0.1,0.6666666666666666,0.12909354892992006,13.815510544957405,reads_it_closely
0.1,0,11,True,0.1,0.7083333333333334,0.16172938464589015,13.263337859457302,reads_it_closely
0.1,0,12,True,0.1,0.6666666666666666,0.19563250007457691,13.815510543915218,reads_it_closely
0.1,0,13,True,0.1,0.875,0.19344385682512277,13.815510557369487,reads_it_closely
0.1,0,14,True,0.1,0.7083333333333334,0.22611917828182937,13.815510484539361,reads_it_closely
0.1,0,15,True,0.1,0.6666666666666666,0.15718495706118296,13.815509511510825,reads_it_closely
0.1,0,16,True,0.1,0.7916666666666666,0.11720046417836448,13.815510548721782,reads_it_closely
0.1,0,17,True,0.1,0.8333333333333334,0.1571295047274214,13.815510557962613,reads_it_closely
0.1,0,18,True,0.1,0.8333333333333334,0.15115238866580272,13.815510557955253,reads_it_closely
0.1,0,19,True,0.1,0.7916666666666666,0.125239664262351,13.81551055663413,reads_it_closely
0.1,1,0,True,0.1,0.6666666666666666,0.006401455910552557,13.81550916827813,reads_it_closely
0.1,1,1,True,0.1,0.6666666666666666,0.023175611688876413,13.81551053363772,reads_it_closely
0.1,1,2,True,0.1,0.6666666666666666,0.04753761280913664,13.815510557617472,reads_it_closely
0.1,1,3,True,0.1,0.6666666666666666,0.03878518352216567,13.81551036743492,reads_it_closely
0.1,1,4,True,0.1,0.75,0.0263511671214684,13.815510557547821,reads_it_closely
0.1,1,5,True,0.1,0.875,0.05749474832705516,13.815510556314516,reads_it_closely
0.1,1,6,True,0.1,0.875,0.05279319591854334,13.815510557952937,reads_it_closely
0.1,1,7,True,0.1,0.6666666666666666,0.04516492061364308,13.815509463951269,reads_it_closely
0.1,1,8,True,0.1,0.7916666666666666,0.05357877006494226,13.815510557963021,reads_it_closely
0.1,1,9,True,0.1,0.8333333333333334,0.07446686092764516,13.815510557963115,reads_it_closely
0.1,1,10,True,0.1,0.6666666666666666,0.085324545925919,13.815510519594978,reads_it_closely
0.1,1,11,True,0.1,0.6666666666666666,0.10441660463144543,13.815510548164081,reads_it_closely
0.1,1,12,True,0.1,0.75,0.04951076004490351,13.815510556443588,reads_it_closely
0.1,1,13,True,0.1,0.8333333333333334,0.06741624565016331,13.81551046751063,reads_it_closely
0.1,1,14,True,0.1,0.7916666666666666,0.09534073726539169,13.815510460104157,reads_it_closely
0.1,1,15,True,0.1,0.6666666666666666,0.06739848161807921,13.815510542546424,reads_it_closely
0.1,1,16,True,0.1,0.75,0.03093979991001205,12.768490177773865,reads_it_closely
0.1,1,17,True,0.1,0.6666666666666666,0.021582663547151194,13.815510557479023,reads_it_closely
0.1,1,18,True,0.1,0.7083333333333334,0.0274530675105462,13.81551034522201,reads_it_closely
0.1,1,19,True,0.1,0.6666666666666666,0.043584197908105415,13.815510556893466,reads_it_closely
0.1,2,0,True,0.1,0.7083333333333334,0.007210020250759702,13.815510556668599,reads_it_closely
0.1,2,1,True,0.1,0.7083333333333334,0.009387940178384256,13.815510544763244,reads_it_closely
0.1,2,2,True,0.1,0.8333333333333334,0.027060317052816644,13.81551055795806,reads_it_closely
0.1,2,3,True,0.1,0.9166666666666666,0.061073954235100175,13.815510557963217,reads_it_closely
0.1,2,4,True,0.1,0.6666666666666666,0.06069721409746794,13.56621600689211,reads_it_closely
0.1,2,5,True,0.1,0.8333333333333334,0.09513806554447675,13.815510557963163,reads_it_closely
0.1,2,6,True,0.1,0.6666666666666666,0.12746956014874455,13.815510520005136,reads_it_closely
0.1,2,7,True,0.1,0.6666666666666666,0.09400899395524183,13.815493243352897,reads_it_closely
0.1,2,8,True,0.1,0.6666666666666666,0.08956173776421086,11.53770818207986,reads_it_closely
0.1,2,9,True,0.1,0.6666666666666666,0.0971845336485723,13.815510557067862,reads_it_closely
0.1,2,10,True,0.1,0.6666666666666666,0.12193347030344501,13.815510524851998,reads_it_closely
0.1,2,11,True,0.1,0.6666666666666666,0.07429396317086077,13.815510542343015,reads_it_closely
0.1,2,12,True,0.1,0.6666666666666666,0.04758690708414334,13.815510557486531,reads_it_closely
0.1,2,13,True,0.1,0.6666666666666666,0.04035534089386076,13.815510547710973,reads_it_closely
0.1,2,14,True,0.1,0.6666666666666666,0.044204121776327016,13.815510557492269,reads_it_closely
0.1,2,15,True,0.1,0.6666666666666666,0.06205689113207856,13.815509823834164,reads_it_closely
0.1,2,16,True,0.1,0.8333333333333334,0.06022911151245111,13.815510556699415,reads_it_closely
0.1,2,17,True,0.1,0.6666666666666666,0.020442301330932052,13.815510544915288,reads_it_closely
0.1,2,18,True,0.1,0.7083333333333334,0.004985743651915141,13.815510557725986,reads_it_closely
0.1,2,19,True,0.1,0.6666666666666666,0.004396848021348619,13.815510549063042,reads_it_closely
0.1,3,0,True,0.1,0.6666666666666666,0.006401443706336059,13.815494430298214,reads_it_closely
0.1,3,1,True,0.1,0.8333333333333334,0.01090028213725372,13.815510557963112,reads_it_closely
0.1,3,2,True,0.1,0.7916666666666666,0.008502934263439853,13.815510557884696,reads_it_closely
0.1,3,3,True,0.1,0.7083333333333334,0.020738747812646355,13.81550634445628,reads_it_closely
0.1,3,4,True,0.1,0.8333333333333334,0.007267536010102167,13.815510557963236,reads_it_closely
0.1,3,5,True,0.1,0.875,0.03071560249576446,13.815510552408085,reads_it_closely
0.1,3,6,True,0.1,0.6666666666666666,0.026199233836186445,13.815510557210471,reads_it_closely
0.1,3,7,True,0.1,0.7916666666666666,0.03757749429704965,13.815510557957335,reads_it_closely
0.1,3,8,True,0.1,0.7083333333333334,0.01860014146212386,13.81551055785586,reads_it_closely
0.1,3,9,True,0.1,0.8333333333333334,0.0052926860037051625,13.815510557963211,reads_it_closely
0.1,3,10,True,0.1,0.6666666666666666,0.011587608056961657,13.815509904585298,reads_it_closely
0.1,3,11,True,0.1,0.875,0.02391886868699395,13.815510557962499,reads_it_closely
0.1,3,12,True,0.1,0.6666666666666666,0.04400542490551797,13.815510552114302,reads_it_closely
0.1,3,13,True,0.1,0.8333333333333334,0.0520324533721855,13.815510552431013,reads_it_closely
0.1,3,14,True,0.1,0.7083333333333334,0.025945526942346274,13.815510557867597,reads_it_closely
0.1,3,15,True,0.1,0.75,0.010569521263949777,13.815510550583467,reads_it_closely
0.1,3,16,True,0.1,0.875,0.017470128418290248,13.815510557914127,reads_it_closely
0.1,3,17,True,0.1,0.6666666666666666,0.034752241186051566,13.815509863070513,reads_it_closely
0.1,3,18,True,0.1,0.6666666666666666,0.0381700286769117,13.815510189442003,reads_it_closely
0.1,3,19,True,0.1,0.7916666666666666,0.0347186377068163,13.815510539810154,reads_it_closely
0.1,4,0,True,0.1,0.6666666666666666,0.006401456966686765,13.815510515893346,reads_it_closely
0.1,4,1,True,0.1,0.6666666666666666,0.023175613467059125,13.815510494339891,reads_it_closely
0.1,4,2,True,0.1,0.75,0.051150850983267555,13.815510545685475,reads_it_closely
0.1,4,3,True,0.1,0.6666666666666666,0.08170698430539355,13.815510535625926,reads_it_closely
0.1,4,4,True,0.1,0.6666666666666666,0.06624665447186352,13.815510542297803,reads_it_closely
0.1,4,5,True,0.1,0.8333333333333334,0.04615320114957436,13.815510557962757,reads_it_closely
0.1,4,6,True,0.1,0.6666666666666666,0.0481008905251899,13.815507449304192,reads_it_closely
0.1,4,7,True,0.1,0.7083333333333334,0.06214591360257155,13.815510557928187,reads_it_closely
0.1,4,8,True,0.1,0.6666666666666666,0.07972295259597958,13.815510557770823,reads_it_closely
0.1,4,9,True,0.1,0.7083333333333334,0.04280399131904737,13.815510557920524,reads_it_closely
0.1,4,10,True,0.1,0.75,0.05936807852434926,13.81550112842049,reads_it_closely
0.1,4,11,True,0.1,0.6666666666666666,0.034437778407121596,13.815510534311908,reads_it_closely
0.1,4,12,True,0.1,0.8333333333333334,0.06111924225488536,13.815510557963009,reads_it_closely
0.1,4,13,True,0.1,0.6666666666666666,0.08917307110561747,13.815510524987063,reads_it_closely
0.1,4,14,True,0.1,0.6666666666666666,0.057572292556619456,13.815510557718591,reads_it_closely
0.1,4,15,True,0.1,0.7083333333333334,0.05717620405416281,13.815510557901984,reads_it_closely
0.1,4,16,True,0.1,0.6666666666666666,0.0829999172539439,13.815510556624218,reads_it_closely
0.1,4,17,True,0.1,0.6666666666666666,0.053426475991220045,13.815510147383584,reads_it_closely
0.1,4,18,True,0.1,0.6666666666666666,0.056918027848142975,13.81551055549604,reads_it_closely
0.1,4,19,True,0.1,0.6666666666666666,0.07084197822680463,13.815510557770986,reads_it_closely
0.1,5,0,True,0.1,0.6666666666666666,0.006401456992855277,13.815510557213138,reads_it_closely
0.1,5,1,True,0.1,0.75,0.009524596983232967,13.815510557871502,reads_it_closely
0.1,5,2,True,0.1,0.7916666666666666,0.024885681990134953,13.81551055792229,reads_it_closely
0.1,5,3,True,0.1,0.6666666666666666,0.04700721780048282,13.815510496906667,reads_it_closely
0.1,5,4,True,0.1,0.7916666666666666,0.08129330453068911,13.815510557963256,reads_it_closely
0.1,5,5,True,0.1,0.7916666666666666,0.05862406609770507,13.815510500990905,reads_it_closely
0.1,5,6,True,0.1,0.7916666666666666,0.09481161834815188,13.815510554220184,reads_it_closely
0.1,5,7,True,0.1,0.6666666666666666,0.0868565431171034,13.815509842642765,reads_it_closely
0.1,5,8,True,0.1,0.8333333333333334,0.09499972814757668,13.815510557961948,reads_it_closely
0.1,5,9,True,0.1,0.8333333333333334,0.11725292699671083,13.8155105498892,reads_it_closely
0.1,5,10,True,0.1,0.8333333333333334,0.06495056400325677,13.815510557962938,reads_it_closely
0.1,5,11,True,0.1,0.8333333333333334,0.0868113242773579,13.815510557958548,reads_it_closely
0.1,5,12,True,0.1,0.7916666666666666,0.06408879227085137,13.815510557962725,reads_it_closely
0.1,5,13,True,0.1,0.6666666666666666,0.08545063849079547,13.81551015094122,reads_it_closely
0.1,5,14,True,0.1,0.7083333333333334,0.11456963673375911,13.81551047945092,reads_it_closely
0.1,5,15,True,0.1,0.7916666666666666,0.11696962377311304,13.81551053996105,reads_it_closely
0.1,5,16,True,0.1,0.7083333333333334,0.13097237549466972,13.81551055388348,reads_it_closely
0.1,5,17,True,0.1,0.75,0.15520775233587533,13.815510557955422,reads_it_closely
0.1,5,18,True,0.1,0.6666666666666666,0.09084975827602026,13.815510557568073,reads_it_closely
0.1,5,19,True,0.1,0.6666666666666666,0.11774270187231578,12.396851206394164,reads_it_closely
0.1,6,0,True,0.1,0.7083333333333334,0.007210018787609063,13.815508977721317,reads_it_closely
0.1,6,1,True,0.1,0.6666666666666666,0.008841326066570867,13.81551023532595,reads_it_closely
0.1,6,2,True,0.1,0.6666666666666666,0.022073711131831444,13.815510557733212,reads_it_closely
0.1,6,3,True,0.1,0.75,0.014942286237312384,13.815510555506913,reads_it_closely
0.1,6,4,True,0.1,0.7916666666666666,0.036747108900069436,13.815510509587526,reads_it_closely
0.1,6,5,True,0.1,0.75,0.03979244518551773,13.815510557787356,reads_it_closely
0.1,6,6,True,0.1,0.6666666666666666,0.06083200966028095,13.815510544188813,reads_it_closely
0.1,6,7,True,0.1,0.75,0.04820074611016903,13.815510557940444,reads_it_closely
0.1,6,8,True,0.1,0.6666666666666666,0.053135127110289976,13.815509786810114,reads_it_closely
0.1,6,9,True,0.1,0.6666666666666666,0.018699966648727293,13.815510557552207,reads_it_closely
0.1,6,10,True,0.1,0.7083333333333334,0.017240442803620956,13.81551055785428,reads_it_closely
0.1,6,11,True,0.1,0.6666666666666666,0.0262036949915063,13.815510557718238,reads_it_closely
0.1,6,12,True,0.1,0.6666666666666666,0.006052259372126591,13.815510335425857,reads_it_closely
0.1,6,13,True,0.1,0.6666666666666666,0.003998545979603776,13.815507904577712,reads_it_closely
0.1,6,14,True,0.1,0.75,0.006504893011194393,13.815509270473283,reads_it_closely
0.1,6,15,True,0.1,0.6666666666666666,0.0018787433641468954,13.815510446539074,reads_it_closely
0.1,6,16,True,0.1,0.875,0.00869127078708893,13.815510557962236,reads_it_closely
0.1,6,17,True,0.1,0.7083333333333334,0.005361427953420959,13.815510556989508,reads_it_closely
0.1,6,18,True,0.1,0.75,0.020972353184941797,13.815510557643176,reads_it_closely
0.1,6,19,True,0.1,0.6666666666666666,0.04360903134095617,13.815510476401643,reads_it_closely
0.1,7,0,True,0.1,0.8333333333333334,0.009912038101320152,13.81551055796325,reads_it_closely
0.1,7,1,True,0.1,0.6666666666666666,0.010576562812805897,13.815510557765329,reads_it_closely
0.1,7,2,True,0.1,0.75,0.007819164760223162,13.815510557958248,reads_it_closely
0.1,7,3,True,0.1,0.6666666666666666,0.01818643305542759,13.815510525595933,reads_it_closely
0.1,7,4,True,0.1,0.7916666666666666,0.02696974093785212,13.815510528200262,reads_it_closely
0.1,7,5,True,0.1,0.6666666666666666,0.045041980092761086,13.815510557385306,reads_it_closely
0.1,7,6,True,0.1,0.7916666666666666,0.020559197121602313,13.815510557257982,reads_it_closely
0.1,7,7,True,0.1,0.6666666666666666,0.04229177954643257,13.469989723565952,reads_it_closely
0.1,7,8,True,0.1,0.75,0.07425067965398627,13.815510557960106,reads_it_closely
0.1,7,9,True,0.1,0.7083333333333334,0.06093718778202434,13.815510557962758,reads_it_closely
0.1,7,10,True,0.1,0.7083333333333334,0.06421777983005299,13.81550964587451,reads_it_closely
0.1,7,11,True,0.1,0.6666666666666666,0.07804482463622793,13.815510541751692,reads_it_closely
0.1,7,12,True,0.1,0.7083333333333334,0.10109695102202416,13.81551055790438,reads_it_closely
0.1,7,13,True,0.1,0.75,0.13240972704152987,13.815510557901396,reads_it_closely
0.1,7,14,True,0.1,0.6666666666666666,0.1643850847975362,13.815510261506567,reads_it_closely
0.1,7,15,True,0.1,0.75,0.12431661726073366,13.815510557456506,reads_it_closely
0.1,7,16,True,0.1,0.6666666666666666,0.11096176458879813,13.815510557536987,reads_it_closely
0.1,7,17,True,0.1,0.6666666666666666,0.05575922107690287,13.815509045336688,reads_it_closely
0.1,7,18,True,0.1,0.6666666666666666,0.08453189112723641,13.81549814475815,reads_it_closely
0.1,7,19,True,0.1,0.8333333333333334,0.07991463335241561,13.815510545291897,reads_it_closely
0.1,8,0,True,0.1,0.7083333333333334,0.007210020244791011,13.81551054795006,reads_it_closely
0.1,8,1,True,0.1,0.8333333333333334,0.011326701357875113,13.81551055795464,reads_it_closely
0.1,8,2,True,0.1,0.75,0.025451794425103064,13.815510550776246,reads_it_closely
0.1,8,3,True,0.1,0.6666666666666666,0.0163782046329956,13.815507502262564,reads_it_closely
0.1,8,4,True,0.1,0.6666666666666666,0.021804887718875177,13.815510279317404,reads_it_closely
0.1,8,5,True,0.1,0.6666666666666666,0.035369925165596325,13.815510546986696,reads_it_closely
0.1,8,6,True,0.1,0.6666666666666666,0.01403950758820164,13.815510541005017,reads_it_closely
0.1,8,7,True,0.1,0.6666666666666666,0.011042461718459583,13.815510557505586,reads_it_closely
0.1,8,8,True,0.1,0.8333333333333334,0.0023794845704212452,13.815510557963142,reads_it_closely
0.1,8,9,True,0.1,0.8333333333333334,0.010954476608241101,13.815510557962408,reads_it_closely
0.1,8,10,True,0.1,0.7083333333333334,0.005354484745675854,13.815510557963178,reads_it_closely
0.1,8,11,True,0.1,0.8333333333333334,0.024716717620755585,13.815510557819064,reads_it_closely
0.1,8,12,True,0.1,0.6666666666666666,0.02702583453632132,13.81551055772158,reads_it_closely
0.1,8,13,True,0.1,0.8333333333333334,0.053273306109146656,13.815510557961142,reads_it_closely
0.1,8,14,True,0.1,0.8333333333333334,0.03388932060954271,13.815510557907102,reads_it_closely
0.1,8,15,True,0.1,0.6666666666666666,0.014171175809457967,13.815510557666439,reads_it_closely
0.1,8,16,True,0.1,0.6666666666666666,0.012262541305132872,13.815509578895584,reads_it_closely
0.1,8,17,True,0.1,0.7083333333333334,0.008688731749176778,13.815510547879898,reads_it_closely
0.1,8,18,True,0.1,0.6666666666666666,0.0007230297847654697,13.815510518028525,reads_it_closely
0.1,8,19,True,0.1,0.6666666666666666,0.007189819863962051,13.815493948642553,reads_it_closely
0.1,9,0,True,0.1,0.75,0.008064814075373843,13.815510557963105,reads_it_closely
0.1,9,1,True,0.1,0.6666666666666666,0.025962388403453947,13.815510557396728,reads_it_closely
0.1,9,2,True,0.1,0.8333333333333334,0.02337677229554503,13.815510557963234,reads_it_closely
0.1,9,3,True,0.1,0.7083333333333334,0.045027981877476246,13.81551055794889,reads_it_closely
0.1,9,4,True,0.1,0.7083333333333334,0.030423469840055423,13.815510555116536,reads_it_closely
0.1,9,5,True,0.1,0.7083333333333334,0.03338135391409112,13.815510556910509,reads_it_closely
0.1,9,6,True,0.1,0.6666666666666666,0.03156213882359814,13.815509691385182,reads_it_closely
0.1,9,7,True,0.1,0.75,0.04364821976560579,13.815510557176882,reads_it_closely
0.1,9,8,True,0.1,0.875,0.0716876794339873,13.815510557558278,reads_it_closely
0.1,9,9,True,0.1,0.8333333333333334,0.10786266367513742,13.815510557963227,reads_it_closely
0.1,9,10,True,0.1,0.7916666666666666,0.10304123885944316,13.815510536038907,reads_it_closely
0.1,9,11,True,0.1,0.75,0.11360784507443306,13.815510557962774,reads_it_closely
0.1,9,12,True,0.1,0.7916666666666666,0.1417432628592626,13.815509434270167,reads_it_closely
0.1,9,13,True,0.1,0.875,0.11181988983163638,13.815510557959296,reads_it_closely
0.1,9,14,True,0.1,0.6666666666666666,0.13695048198710558,13.815510543551696,reads_it_closely
0.1,9,15,True,0.1,0.6666666666666666,0.13892689422617122,13.815510553976042,reads_it_closely
0.1,9,16,True,0.1,0.7083333333333334,0.15165661994574003,13.815510557894934,reads_it_closely
0.1,9,17,True,0.1,0.7083333333333334,0.17247489336511895,13.815510557921463,reads_it_closely
0.1,9,18,True,0.1,0.6666666666666666,0.1488977477988526,13.815510504740631,reads_it_closely
0.1,9,19,True,0.1,0.6666666666666666,0.16035853813514342,13.815510557732395,reads_it_closely
0.1,10,0,True,0.1,0.7083333333333334,0.0072100202510500914,13.815510557201877,reads_it_closely
0.1,10,1,True,0.1,0.6666666666666666,0.024550292851733505,13.815509723222466,reads_it_closely
0.1,10,2,True,0.1,0.6666666666666666,0.021032291663864354,10.301305713793033,reads_it_closely
0.1,10,3,True,0.1,0.75,0.013979177422663462,13.81550999017642,reads_it_closely
0.1,10,4,True,0.1,0.8333333333333334,0.022395670440303606,13.815510557908764,reads_it_closely
0.1,10,5,True,0.1,0.7916666666666666,0.0365281760444857,13.815510557573358,reads_it_closely
0.1,10,6,True,0.1,0.7083333333333334,0.04970555052942875,13.815510557913196,reads_it_closely
0.1,10,7,True,0.1,0.8333333333333334,0.019210478355102662,13.815510557961831,reads_it_closely
0.1,10,8,True,0.1,0.8333333333333334,0.042840695605867736,13.815510557963146,reads_it_closely
0.1,10,9,True,0.1,0.8333333333333334,0.023659167675657025,13.81551055795867,reads_it_closely
0.1,10,10,True,0.1,0.6666666666666666,0.02651172418821715,13.815510550205,reads_it_closely
0.1,10,11,True,0.1,0.75,0.025235351119231322,13.815510557400081,reads_it_closely
0.1,10,12,True,0.1,0.6666666666666666,0.03456381970442586,13.81551055751349,reads_it_closely
0.1,10,13,True,0.1,0.6666666666666666,0.04339050297819798,13.815510550474501,reads_it_closely
0.1,10,14,True,0.1,0.6666666666666666,0.013309624872501181,13.815510555364535,reads_it_closely
0.1,10,15,True,0.1,0.6666666666666666,0.025060415042558577,13.81551055238268,reads_it_closely
0.1,10,16,True,0.1,0.7083333333333334,0.047159868096468896,13.815510555785778,reads_it_closely
0.1,10,17,True,0.1,0.6666666666666666,0.07449921264195263,13.815510534087077,reads_it_closely
0.1,10,18,True,0.1,0.6666666666666666,0.10650276638042219,11.655476333630254,reads_it_closely
0.1,10,19,True,0.1,0.875,0.15405628076384442,13.815510557963256,reads_it_closely
0.1,11,0,True,0.1,0.8333333333333334,0.009912038101248525,13.815510557888622,reads_it_closely
0.1,11,1,True,0.1,0.8333333333333334,0.035095032620790334,13.815510557963227,reads_it_closely
0.1,11,2,True,0.1,0.7083333333333334,0.029179034952288782,13.81551055796315,reads_it_closely
0.1,11,3,True,0.1,0.6666666666666666,0.019342503439556354,13.815510557336212,reads_it_closely
0.1,11,4,True,0.1,0.6666666666666666,0.024051672829429594,13.815510515482238,reads_it_closely
0.1,11,5,True,0.1,0.6666666666666666,0.006796272969047931,13.815510551380209,reads_it_closely
0.1,11,6,True,0.1,0.8333333333333334,0.008822620192026502,13.815510557963258,reads_it_closely
0.1,11,7,True,0.1,0.8333333333333334,0.028634078703332677,13.81551055635762,reads_it_closely
0.1,11,8,True,0.1,0.7083333333333334,0.05484663132838351,13.815510557915102,reads_it_closely
0.1,11,9,True,0.1,0.6666666666666666,0.04947948243495713,13.815510551047055,reads_it_closely
0.1,11,10,True,0.1,0.8333333333333334,0.08360529029644935,13.815510506998496,reads_it_closely
0.1,11,11,True,0.1,0.6666666666666666,0.053554724788658616,13.815494644339035,reads_it_closely
0.1,11,12,True,0.1,0.7083333333333334,0.04391459230282502,13.815509383337242,reads_it_closely
0.1,11,13,True,0.1,0.6666666666666666,0.022593726727240915,13.815510557708501,reads_it_closely
0.1,11,14,True,0.1,0.6666666666666666,0.014594530781953448,13.815510540693772,reads_it_closely
0.1,11,15,True,0.1,0.8333333333333334,0.01587432477273304,13.815510557638257,reads_it_closely
0.1,11,16,True,0.1,0.6666666666666666,0.004273451634177805,13.815510550754343,reads_it_closely
0.1,11,17,True,0.1,0.8333333333333334,0.011086188482717536,13.815510557961812,reads_it_closely
0.1,11,18,True,0.1,0.6666666666666666,0.02830133916642979,13.815510462008348,reads_it_closely
0.1,11,19,True,0.1,0.75,0.015243256602721356,13.815510557955848,reads_it_closely
0.1,12,0,True,0.1,0.75,0.008064814071469847,13.815510553482769,reads_it_closely
0.1,12,1,True,0.1,0.6666666666666666,0.009377955118758774,13.815510554316297,reads_it_closely
0.1,12,2,True,0.1,0.6666666666666666,0.0066126354696362105,13.815508106695201,reads_it_closely
0.1,12,3,True,0.1,0.8333333333333334,0.020611182275189394,13.815510557962245,reads_it_closely
0.1,12,4,True,0.1,0.75,0.0249402125204354,13.815510441074986,reads_it_closely
0.1,12,5,True,0.1,0.75,0.042793037651326346,13.81551055795633,reads_it_closely
0.1,12,6,True,0.1,0.6666666666666666,0.053144521783079005,13.815509961897979,reads_it_closely
0.1,12,7,True,0.1,0.6666666666666666,0.07225471077373968,13.815510279062718,reads_it_closely
0.1,12,8,True,0.1,0.875,0.10732325202067598,13.81551055796077,reads_it_closely
0.1,12,9,True,0.1,0.6666666666666666,0.11307630188323324,13.815510557694342,reads_it_closely
0.1,12,10,True,0.1,0.6666666666666666,0.06983105250503222,13.815510545322946,reads_it_closely
0.1,12,11,True,0.1,0.7916666666666666,0.037983321195098285,13.815510557954873,reads_it_closely
0.1,12,12,True,0.1,0.75,0.032979849210859793,13.815510543130728,reads_it_closely
0.1,12,13,True,0.1,0.6666666666666666,0.05141088607310516,13.815510548173409,reads_it_closely
0.1,12,14,True,0.1,0.6666666666666666,0.02167535718700628,13.815509522610945,reads_it_closely
0.1,12,15,True,0.1,0.875,0.023455666993386817,13.815510557926956,reads_it_closely
0.1,12,16,True,0.1,0.8333333333333334,0.043128518064020266,13.815510557950994,reads_it_closely
0.1,12,17,True,0.1,0.6666666666666666,0.033283589671443625,12.080975315302467,reads_it_closely
0.1,12,18,True,0.1,0.7083333333333334,0.03858444716287747,13.815510557048292,reads_it_closely
0.1,12,19,True,0.1,0.7083333333333334,0.05545951518432558,13.815510557328288,reads_it_closely
0.1,13,0,True,0.1,0.75,0.008064814075054778,13.815510557479978,reads_it_closely
0.1,13,1,True,0.1,0.8333333333333334,0.011794287178523752,13.81551055698859,reads_it_closely
0.1,13,2,True,0.1,0.6666666666666666,0.024251964985294694,13.815510543637053,reads_it_closely
0.1,13,3,True,0.1,0.6666666666666666,0.01551295587584152,13.815508778400542,reads_it_closely
0.1,13,4,True,0.1,0.75,0.02427468272099094,13.81551055778164,reads_it_closely
0.1,13,5,True,0.1,0.7083333333333334,0.02529212251517212,13.815510557278849,reads_it_closely
0.1,13,6,True,0.1,0.8333333333333334,0.036892009681503204,13.815510557955195,reads_it_closely
0.1,13,7,True,0.1,0.8333333333333334,0.006879405761963282,13.81551055796245,reads_it_closely
0.1,13,8,True,0.1,0.6666666666666666,0.004509682409541985,13.815510555052512,reads_it_closely
0.1,13,9,True,0.1,0.6666666666666666,0.0052519001516407315,13.81550956653009,reads_it_closely
0.1,13,10,True,0.1,0.75,0.020222853518061044,13.815510557955255,reads_it_closely
0.1,13,11,True,0.1,0.8333333333333334,0.02321588830259505,13.81551055781538,reads_it_closely
0.1,13,12,True,0.1,0.6666666666666666,0.020647773563053563,13.815510557679449,reads_it_closely
0.1,13,13,True,0.1,0.6666666666666666,0.03159403595752226,13.815510533765039,reads_it_closely
0.1,13,14,True,0.1,0.6666666666666666,0.008751513070961664,13.81551055517712,reads_it_closely
0.1,13,15,True,0.1,0.6666666666666666,0.01144679240573479,13.815510491335482,reads_it_closely
0.1,13,16,True,0.1,0.8333333333333334,0.029241493844279126,13.815510557961861,reads_it_closely
0.1,13,17,True,0.1,0.7083333333333334,0.014794773255961315,13.815510557953386,reads_it_closely
0.1,13,18,True,0.1,0.6666666666666666,0.006620509459512286,13.815510557574372,reads_it_closely
0.1,13,19,True,0.1,0.7083333333333334,0.006337732210038256,13.81551055673125,reads_it_closely
0.1,14,0,True,0.1,0.7083333333333334,0.00721002024768734,13.815510552042026,reads_it_closely
0.1,14,1,True,0.1,0.6666666666666666,0.008841327087004646,13.815510322024933,reads_it_closely
0.1,14,2,True,0.1,0.6666666666666666,0.006370693320241275,13.815510533785679,reads_it_closely
0.1,14,3,True,0.1,0.6666666666666666,0.015680755255905676,13.81551034022357,reads_it_closely
0.1,14,4,True,0.1,0.875,0.02415507556177554,13.815510557913791,reads_it_closely
0.1,14,5,True,0.1,0.6666666666666666,0.04217010171034895,13.815510557776987,reads_it_closely
0.1,14,6,True,0.1,0.8333333333333334,0.0375890022247497,13.815510557959374,reads_it_closely
0.1,14,7,True,0.1,0.6666666666666666,0.05771233895457373,13.81551054454511,reads_it_closely
0.1,14,8,True,0.1,0.7916666666666666,0.09003234080835236,13.815510556244032,reads_it_closely
0.1,14,9,True,0.1,0.7916666666666666,0.12874127227274712,13.815510557962856,reads_it_closely
0.1,14,10,True,0.1,0.6666666666666666,0.08421574605030875,13.815491399283127,reads_it_closely
0.1,14,11,True,0.1,0.7083333333333334,0.12105864812052877,13.815509845487783,reads_it_closely
0.1,14,12,True,0.1,0.7916666666666666,0.10272306302519464,13.815510557955257,reads_it_closely
0.1,14,13,True,0.1,0.7083333333333334,0.07395991545260776,13.815510557855406,reads_it_closely
0.1,14,14,True,0.1,0.7083333333333334,0.06658299051782844,13.8155105517935,reads_it_closely
0.1,14,15,True,0.1,0.7916666666666666,0.02787644807279018,13.81551054951374,reads_it_closely
0.1,14,16,True,0.1,0.6666666666666666,0.05237883346405337,13.81551053738413,reads_it_closely
0.1,14,17,True,0.1,0.6666666666666666,0.05098883023790089,13.81551055762482,reads_it_closely
0.1,14,18,True,0.1,0.8333333333333334,0.03278108592429976,13.815510557953175,reads_it_closely
0.1,14,19,True,0.1,0.875,0.039523560513920294,13.815510557963128,reads_it_closely
0.1,15,0,True,0.1,0.8333333333333334,0.009912038101320075,13.815510557963176,reads_it_closely
0.1,15,1,True,0.1,0.6666666666666666,0.02889825282003218,13.815510084000556,reads_it_closely
0.1,15,2,True,0.1,0.6666666666666666,0.024310703859063504,13.815510540783777,reads_it_closely
0.1,15,3,True,0.1,0.7083333333333334,0.016089179533909762,13.815510557412754,reads_it_closely
0.1,15,4,True,0.1,0.7083333333333334,0.023706001175844028,13.815510554253196,reads_it_closely
0.1,15,5,True,0.1,0.75,0.04393450739937683,13.815510545621146,reads_it_closely
0.1,15,6,True,0.1,0.6666666666666666,0.051298534260078674,13.815510542519998,reads_it_closely
0.1,15,7,True,0.1,0.6666666666666666,0.06818482571093354,13.815510540189527,reads_it_closely
0.1,15,8,True,0.1,0.6666666666666666,0.036907513422642535,13.81550918045099,reads_it_closely
0.1,15,9,True,0.1,0.7916666666666666,0.018533626724907125,13.815509984641167,reads_it_closely
0.1,15,10,True,0.1,0.6666666666666666,0.005063030002822478,13.815510555727052,reads_it_closely
0.1,15,11,True,0.1,0.7083333333333334,0.012439189797731946,13.81551055781061,reads_it_closely
0.1,15,12,True,0.1,0.8333333333333334,0.011896073980573935,13.815510557894964,reads_it_closely
0.1,15,13,True,0.1,0.7083333333333334,0.0014425722820355447,13.815510557870027,reads_it_closely
0.1,15,14,True,0.1,0.7083333333333334,0.010949465061344008,13.815510557920643,reads_it_closely
0.1,15,15,True,0.1,0.6666666666666666,0.007390160701473025,13.815510557700412,reads_it_closely
0.1,15,16,True,0.1,0.75,0.004942939529836838,13.815510557962954,reads_it_closely
0.1,15,17,True,0.1,0.7083333333333334,0.01075251489345066,13.81551055416586,reads_it_closely
0.1,15,18,True,0.1,0.7083333333333334,0.0025594679492115524,13.815510555628348,reads_it_closely
0.1,15,19,True,0.1,0.6666666666666666,0.015055849274376788,13.81551029498954,reads_it_closely
