arm,observer,salience,social,depth,peak,tail,collapse,captured,sustained,recovered,single_stage_engagement
real_work,0,0.7,0.5,3,0.6,6.148516916839697e-05,0.5999385148308316,1,0,0.0967422647020919,0.0
real_work,1,0.7,0.5,3,0.6,0.09981174204832594,0.5001882579516741,1,0,0.21263858319937468,0.08333333333333333
real_work,2,0.7,0.5,3,0.6,0.6,0.0,1,1,0.35975415100692576,0.3333333333333333
real_work,3,0.7,0.5,3,0.6,0.0,0.6,1,0,0.0,0.0
real_work,4,0.7,0.5,3,0.6,0.0004770772241064635,0.5995229227758935,1,0,0.12221532204394636,0.0
real_work,5,0.7,0.5,3,0.6,0.000437776146998132,0.5995622238530018,1,0,0.12104337225734363,0.0
real_work,6,0.7,0.5,3,0.6,0.0,0.6,1,0,0.0,0.0
real_work,7,0.7,0.5,3,0.6,0.0,0.6,1,0,0.0,0.08333333333333333
real_work,8,0.7,0.5,3,0.6,0.007832068350698624,0.5921679316493014,1,0,0.16538909829975723,0.4166666666666667
real_work,9,0.7,0.5,3,0.6,0.0,0.6,1,0,0.0,0.0
real_work,10,0.7,0.5,3,0.6,2.899293173507142e-05,0.5999710070682649,1,0,0.08863229500422798,0.0
real_work,11,0.7,0.5,3,0.6,9.976132726955722e-05,0.5999002386727305,1,0,0.10230536892192821,0.0
real_work,12,0.7,0.5,3,0.6,0.003466865878168914,0.5965331341218311,1,0,0.15181834564623986,0.3333333333333333
real_work,13,0.7,0.5,3,0.6,0.0,0.6,1,0,0.0,0.0
real_work,14,0.7,0.5,3,0.6,0.0,0.6,1,0,0.0,0.0
real_work,15,0.7,0.5,3,0.6,0.00301758203722375,0.5969824179627762,1,0,0.14958742774092015,0.0
real_work,16,0.7,0.5,3,0.6,0.08033946704270375,0.5196605329572962,1,0,0.20833907221951042,0.5
real_work,17,0.7,0.5,3,0.6,0.004773467873301192,0.5952265321266987,1,0,0.15704854799821244,0.25
real_work,18,0.7,0.5,3,0.6,0.0,0.6,1,0,0.0,0.0
real_work,19,0.7,0.5,3,0.6,0.0,0.6,1,0,0.0,0.0
real_work,20,0.7,0.5,3,0.6,0.3128699077551237,0.2871300922448763,1,1,0.23606091539471197,0.3333333333333333
real_work,21,0.7,0.5,3,0.6,9.180490365266232e-06,0.5999908195096347,1,0,0.07741127577499518,0.08333333333333333
real_work,22,0.7,0.5,3,0.6,0.000999747470670331,0.5990002525293296,1,0,0.13268267586222704,0.4166666666666667
real_work,23,0.7,0.5,3,0.6,0.00014948056100719056,0.5998505194389928,1,0,0.10716527625124206,0.0
real_work,24,0.7,0.5,3,0.6,5.18796165102629e-06,0.5999948120383489,1,0,0.07234195210635685,0.0
real_work,25,0.7,0.5,3,0.6,0.6,0.0,1,1,0.41986511142269967,0.16666666666666666
real_work,26,0.7,0.5,3,0.6,0.0,0.6,1,0,0.0,0.0
real_work,27,0.7,0.5,3,0.6,0.0001606582458379747,0.599839341754162,1,0,0.10805250552796708,0.0
real_work,28,0.7,0.5,3,0.6,0.0,0.6,1,0,0.0,0.0
real_work,29,0.7,0.5,3,0.6,1.1298113239746304e-07,0.5999998870188675,1,0,0.04562921615332649,0.0
real_work,30,0.7,0.5,3,0.6,0.0,0.6,1,0,0.0,0.25
real_work,31,0.7,0.5,3,0.6,0.0,0.6,1,0,0.0,0.08333333333333333
real_work,32,0.7,0.5,3,0.6,1.1617867337514084e-05,0.5999883821326625,1,0,0.07959688555039834,0.08333333333333333
real_work,33,0.7,0.5,3,0.6,4.0307699490990914e-07,0.5999995969230051,1,0,0.053239126759901945,0.0
real_work,34,0.7,0.5,3,0.6,2.6200872777017412e-05,0.5999737991272229,1,0,0.08758786750090608,0.0
real_work,35,0.7,0.5,3,0.6,0.00016371527459965968,0.5998362847254003,1,0,0.10828544947504404,0.0
real_work,36,0.7,0.5,3,0.6,1.374253281491165e-06,0.5999986257467185,1,0,0.06171980244946429,0.0
real_work,37,0.7,0.5,3,0.6,7.500085754187498e-12,0.5999999999924999,1,0,0.013957955176477688,0.0
real_work,38,0.7,0.5,3,0.6,0.00015834146717838871,0.5998416585328216,1,0,0.10787328914431282,0.0
real_work,39,0.7,0.5,3,0.6,0.0,0.6,1,0,0.0,0.0
real_work,40,0.7,0.5,3,0.6,0.0,0.6,1,0,0.0,0.0
real_work,41,0.7,0.5,3,0.6,2.178213866830351e-06,0.5999978217861331,1,0,0.06522426547611859,0.0
real_work,42,0.7,0.5,3,0.6,1.0131554094284141e-09,0.5999999989868445,1,0,0.025609431260954052,0.0
real_work,43,0.7,0.5,3,0.6,6.971589851949016e-07,0.5999993028410148,1,0,0.05688006783181687,0.0
real_work,44,0.7,0.5,3,0.6,0.6,0.0,1,1,0.2637104721807513,0.25
real_work,45,0.7,0.5,3,0.6,0.0010461421698886864,0.5989538578301112,1,0,0.13334680064939008,0.5
real_work,46,0.7,0.5,3,0.6,3.342871089772882e-06,0.5999966571289103,1,0,0.06865086212672078,0.0
real_work,47,0.7,0.5,3,0.6,0.29251485366806695,0.307485146331933,1,1,0.23464529815335555,0.0
real_work,48,0.7,0.5,3,0.6,0.0,0.6,1,0,0.0,0.0
real_work,49,0.7,0.5,3,0.6,5.152309812876418e-08,0.5999999484769019,1,0,0.041467871957625135,0.0
real_work,50,0.7,0.5,3,0.6,0.0,0.6,1,0,0.0,0.08333333333333333
real_work,51,0.7,0.5,3,0.6,3.2681300774245793e-06,0.5999967318699225,1,0,0.06846581566434629,0.0
real_work,52,0.7,0.5,3,0.6,0.0,0.6,1,0,0.0,0.0
real_work,53,0.7,0.5,3,0.6,0.0,0.6,1,0,0.0,0.0
real_work,54,0.7,0.5,3,0.6,0.0,0.6,1,0,0.0,0.08333333333333333
real_work,55,0.7,0.5,3,0.6,0.003503090050557789,0.5964969099494422,1,0,0.15198637127256065,0.0
real_work,56,0.7,0.5,3,0.6,0.0,0.6,1,0,0.0,0.08333333333333333
real_work,57,0.7,0.5,3,0.6,5.157255362637193e-05,0.5999484274463736,1,0,0.0947885418010721,0.08333333333333333
real_work,58,0.7,0.5,3,0.6,0.00033368565736032396,0.5996663143426396,1,0,0.11740254257394955,0.08333333333333333
real_work,59,0.7,0.5,3,0.6,3.70792120170618e-09,0.5999999962920788,1,0,0.030043346181601427,0.16666666666666666
real_work,60,0.7,0.5,3,0.6,1.3976253377771268e-06,0.5999986023746622,1,0,0.06184490881205518,0.08333333333333333
real_work,61,0.7,0.5,3,0.6,2.718191091012705e-21,0.6,1,0,0.0009281975509654039,0.08333333333333333
real_work,62,0.7,0.5,3,0.6,1.0929926608924212e-06,0.599998907007339,1,0,0.060044614098971216,0.0
real_work,63,0.7,0.5,3,0.6,0.0,0.6,1,0,0.0,0.0
real_work,64,0.7,0.5,3,0.6,7.340735560617544e-11,0.5999999999265926,1,0,0.018518121190640224,0.0
real_work,65,0.7,0.5,3,0.6,0.0,0.6,1,0,0.0,0.0
real_work,66,0.7,0.5,3,0.6,0.3204059697400675,0.27959403025993246,1,1,0.23656286543827787,0.16666666666666666
real_work,67,0.7,0.5,3,0.6,1.9901931737985176e-06,0.5999980098068262,1,0,0.06452293288403932,0.0
real_work,68,0.7,0.5,3,0.6,1.0282658368529206e-06,0.5999989717341632,1,0,0.0596053754245649,0.08333333333333333
real_work,69,0.7,0.5,3,0.6,9.02009886906031e-05,0.5999097990113094,1,0,0.10112486498901574,0.0
real_work,70,0.7,0.5,3,0.6,5.2610755672400285e-11,0.5999999999473892,1,0,0.017770061995426856,0.08333333333333333
real_work,71,0.7,0.5,3,0.6,2.301855890103149e-07,0.5999997698144109,1,0,0.04974758133511803,0.08333333333333333
real_work,72,0.7,0.5,3,0.6,0.0,0.6,1,0,0.0,0.0
real_work,73,0.7,0.5,3,0.6,1.8855869533873033e-08,0.5999999811441304,1,0,0.036675477728653094,0.0
real_work,74,0.7,0.5,3,0.6,0.6,0.0,1,1,0.5492139264122933,0.4166666666666667
real_work,75,0.7,0.5,3,0.6,2.899746908994796e-06,0.5999971002530909,1,0,0.06749487194687664,0.0
real_work,76,0.7,0.5,3,0.6,3.338849355226408e-06,0.5999966611506448,1,0,0.06864099896634435,0.0
real_work,77,0.7,0.5,3,0.6,1.3602815155438263e-12,0.5999999999986397,1,0,0.011291507646674193,0.0
real_work,78,0.7,0.5,3,0.6,1.0090561437453134e-06,0.5999989909438562,1,0,0.05947030379813878,0.16666666666666666
real_work,79,0.7,0.5,3,0.6,0.0,0.6,1,0,0.0,0.16666666666666666
shock_art,0,1.0,0.2,1,0.6,0.0,0.6,1,0,0.0,0.25
shock_art,1,1.0,0.2,1,0.6,0.0,0.6,1,0,0.0,0.0
shock_art,2,1.0,0.2,1,0.6,0.0,0.6,1,0,0.0,0.0
shock_art,3,1.0,0.2,1,0.6,1.5215903349867238e-05,0.5999847840966501,1,0,0.08217086913891514,0.0
shock_art,4,1.0,0.2,1,0.6,4.9088510647679746e-15,0.5999999999999951,1,0,0.005606586394943713,0.0
shock_art,5,1.0,0.2,1,0.6,0.0,0.6,1,0,0.0,0.0
shock_art,6,1.0,0.2,1,0.6,3.098331615531665e-14,0.599999999999969,1,0,0.007053338130338149,0.0
shock_art,7,1.0,0.2,1,0.6,0.0014701610077996654,0.5985298389922004,1,0,0.1384106889412815,0.25
shock_art,8,1.0,0.2,1,0.6,0.0,0.6,1,0,0.0,0.0
shock_art,9,1.0,0.2,1,0.6,0.0,0.6,1,0,0.0,0.3333333333333333
shock_art,10,1.0,0.2,1,0.6,5.8799384752564374e-08,0.5999999412006152,1,0,0.04214126023175857,0.0
shock_art,11,1.0,0.2,1,0.6,0.0,0.6,1,0,0.0,0.0
shock_art,12,1.0,0.2,1,0.6,2.2385885141157036e-10,0.5999999997761412,1,0,0.021255942242320858,0.0
shock_art,13,1.0,0.2,1,0.6,0.0,0.6,1,0,0.0,0.0
shock_art,14,1.0,0.2,1,0.6,0.0,0.6,1,0,0.0,0.0
shock_art,15,1.0,0.2,1,0.6,8.381527385807543e-15,0.5999999999999917,1,0,0.005993154820794766,0.0
shock_art,16,1.0,0.2,1,0.6,0.0,0.6,1,0,0.0,0.0
shock_art,17,1.0,0.2,1,0.6,0.0,0.6,1,0,0.0,0.0
shock_art,18,1.0,0.2,1,0.6,4.665812729991489e-06,0.59999533418727,1,0,0.07143447807146086,0.0
shock_art,19,1.0,0.2,1,0.6,0.0,0.6,1,0,0.0,0.0
shock_art,20,1.0,0.2,1,0.6,1.845380869526504e-12,0.5999999999981546,1,0,0.01172761808982048,0.0
shock_art,21,1.0,0.2,1,0.6,0.0,0.6,1,0,0.0,0.4166666666666667
shock_art,22,1.0,0.2,1,0.6,0.0,0.6,1,0,0.0,0.16666666666666666
shock_art,23,1.0,0.2,1,0.6,0.0,0.6,1,0,0.0,0.0
shock_art,24,1.0,0.2,1,0.6,0.0,0.6,1,0,0.0,0.0
shock_art,25,1.0,0.2,1,0.6,0.00015933443612922138,0.5998406655638707,1,0,0.10795038887197483,0.0
shock_art,26,1.0,0.2,1,0.6,5.024878034272236e-07,0.5999994975121965,1,0,0.054676430703497036,0.0
shock_art,27,1.0,0.2,1,0.6,0.0,0.6,1,0,0.0,0.0
shock_art,28,1.0,0.2,1,0.6,0.0,0.6,1,0,0.0,0.0
shock_art,29,1.0,0.2,1,0.6,1.3422152530897494e-11,0.5999999999865778,1,0,0.01500290751329647,0.0
shock_art,30,1.0,0.2,1,0.6,5.837294127313584e-22,0.6,1,0,0.0007658914677219908,0.0
shock_art,31,1.0,0.2,1,0.6,0.0,0.6,1,0,0.0,0.0
shock_art,32,1.0,0.2,1,0.6,0.0,0.6,1,0,0.0,0.4166666666666667
shock_art,33,1.0,0.2,1,0.6,1.4350488518725658e-23,0.6,1,0,0.0004820154036384583,0.0
shock_art,34,1.0,0.2,1,0.6,0.0,0.6,1,0,0.0,0.0
shock_art,35,1.0,0.2,1,0.6,0.00042053193266102147,0.599579468067339,1,0,0.12049869854469031,0.3333333333333333
shock_art,36,1.0,0.2,1,0.6,6.13588862994159e-13,0.5999999999993864,1,0,0.010227616339160805,0.0
shock_art,37,1.0,0.2,1,0.6,1.727545021209584e-09,0.599999998272455,1,0,0.027349319570278974,0.0
shock_art,38,1.0,0.2,1,0.6,0.0,0.6,1,0,0.0,0.0
shock_art,39,1.0,0.2,1,0.6,2.8136320362697788e-08,0.5999999718636796,1,0,0.03851528817576089,0.0
shock_art,40,1.0,0.2,1,0.6,3.5794516477970285e-08,0.5999999642054835,1,0,0.039664858893731836,0.0
shock_art,41,1.0,0.2,1,0.6,0.0,0.6,1,0,0.0,0.0
shock_art,42,1.0,0.2,1,0.6,0.0,0.6,1,0,0.0,0.0
shock_art,43,1.0,0.2,1,0.6,0.0,0.6,1,0,0.0,0.0
shock_art,44,1.0,0.2,1,0.6,0.0,0.6,1,0,0.0,0.0
shock_art,45,1.0,0.2,1,0.6,0.0,0.6,1,0,0.0,0.0
shock_art,46,1.0,0.2,1,0.6,6.843632030856988e-17,0.5999999999999999,1,0,0.003290401819813882,0.0
shock_art,47,1.0,0.2,1,0.6,0.00010481382108528033,0.5998951861789147,1,0,0.10288868730574263,0.0
shock_art,48,1.0,0.2,1,0.6,2.5226154828110367e-08,0.5999999747738451,1,0,0.03800467583534384,0.08333333333333333
shock_art,49,1.0,0.2,1,0.6,0.0,0.6,1,0,0.0,0.0
shock_art,50,1.0,0.2,1,0.6,3.950659376730594e-05,0.5999604934062327,1,0,0.09189361131785279,0.4166666666666667
shock_art,51,1.0,0.2,1,0.6,0.0,0.6,1,0,0.0,0.0
shock_art,52,1.0,0.2,1,0.6,2.224554744288495e-07,0.5999997775445256,1,0,0.04954197290573226,0.0
shock_art,53,1.0,0.2,1,0.6,0.0,0.6,1,0,0.0,0.0
shock_art,54,1.0,0.2,1,0.6,2.880934912775076e-10,0.5999999997119065,1,0,0.02192882345047642,0.0
shock_art,55,1.0,0.2,1,0.6,0.0,0.6,1,0,0.0,0.0
shock_art,56,1.0,0.2,1,0.6,4.628304867686246e-21,0.6,1,0,0.000992017316487681,0.0
shock_art,57,1.0,0.2,1,0.6,0.0,0.6,1,0,0.0,0.0
shock_art,58,1.0,0.2,1,0.6,3.603782418692988e-13,0.5999999999996396,1,0,0.009572660381509612,0.08333333333333333
shock_art,59,1.0,0.2,1,0.6,0.0,0.6,1,0,0.0,0.0
shock_art,60,1.0,0.2,1,0.6,0.0,0.6,1,0,0.0,0.0
shock_art,61,1.0,0.2,1,0.6,0.0,0.6,1,0,0.0,0.3333333333333333
shock_art,62,1.0,0.2,1,0.6,0.0,0.6,1,0,0.0,0.16666666666666666
shock_art,63,1.0,0.2,1,0.6,0.0,0.6,1,0,0.0,0.0
shock_art,64,1.0,0.2,1,0.6,0.0,0.6,1,0,0.0,0.0
shock_art,65,1.0,0.2,1,0.6,0.0,0.6,1,0,0.0,0.0
shock_art,66,1.0,0.2,1,0.6,0.0,0.6,1,0,0.0,0.0
shock_art,67,1.0,0.2,1,0.6,0.0,0.6,1,0,0.0,0.0
shock_art,68,1.0,0.2,1,0.6,8.981592892069052e-11,0.599999999910184,1,0,0.01898623070464356,0.0
shock_art,69,1.0,0.2,1,0.6,2.6392592211798925e-14,0.5999999999999736,1,0,0.006913852847327373,0.0
shock_art,70,1.0,0.2,1,0.6,0.0,0.6,1,0,0.0,0.3333333333333333
shock_art,71,1.0,0.2,1,0.6,4.439295555537109e-07,0.5999995560704444,1,0,0.05386405060991639,0.0
shock_art,72,1.0,0.2,1,0.6,2.2867647713698074e-09,0.5999999977132352,1,0,0.028309738947003504,0.3333333333333333
shock_art,73,1.0,0.2,1,0.6,9.802113655847107e-11,0.5999999999019788,1,0,0.01919269711834759,0.0
shock_art,74,1.0,0.2,1,0.6,0.0,0.6,1,0,0.0,0.0
shock_art,75,1.0,0.2,1,0.6,6.593065520612443e-09,0.5999999934069344,1,0,0.03224386380191846,0.0
shock_art,76,1.0,0.2,1,0.6,0.0,0.6,1,0,0.0,0.0
shock_art,77,1.0,0.2,1,0.6,2.8468996031423965e-13,0.5999999999997153,1,0,0.009296014209050574,0.0
shock_art,78,1.0,0.2,1,0.6,4.47652196838035e-14,0.5999999999999552,1,0,0.007384096232060378,0.0
shock_art,79,1.0,0.2,1,0.6,0.0,0.6,1,0,0.0,0.0
slop,0,0.15,0.0,1,0.075,0.0,0.075,0,0,0.0,0.25
slop,1,0.15,0.0,1,0.075,0.0,0.075,0,0,0.0,0.0
slop,2,0.15,0.0,1,0.075,0.0,0.075,0,0,0.0,0.0
slop,3,0.15,0.0,1,0.075,1.9019879187334047e-06,0.07499809801208127,0,0,0.08217086913891514,0.0
slop,4,0.15,0.0,1,0.075,6.136063830959968e-16,0.07499999999999939,0,0,0.005606586394943713,0.0
slop,5,0.15,0.0,1,0.075,0.0,0.075,0,0,0.0,0.0
slop,6,0.15,0.0,1,0.075,3.872914519414582e-15,0.07499999999999613,0,0,0.007053338130338149,0.0
slop,7,0.15,0.0,1,0.075,0.00018377012597495818,0.07481622987402504,0,0,0.1384106889412815,0.25
slop,8,0.15,0.0,1,0.075,0.0,0.075,0,0,0.0,0.0
slop,9,0.15,0.0,1,0.075,0.0,0.075,0,0,0.0,0.3333333333333333
slop,10,0.15,0.0,1,0.075,7.349923094070547e-09,0.0749999926500769,0,0,0.04214126023175857,0.0
slop,11,0.15,0.0,1,0.075,0.0,0.075,0,0,0.0,0.0
slop,12,0.15,0.0,1,0.075,2.7982356426446295e-11,0.07499999997201764,0,0,0.021255942242320858,0.0
slop,13,0.15,0.0,1,0.075,0.0,0.075,0,0,0.0,0.0
slop,14,0.15,0.0,1,0.075,0.0,0.075,0,0,0.0,0.0
slop,15,0.15,0.0,1,0.075,1.0476909232259428e-15,0.07499999999999896,0,0,0.005993154820794766,0.0
slop,16,0.15,0.0,1,0.075,0.0,0.075,0,0,0.0,0.0
slop,17,0.15,0.0,1,0.075,0.0,0.075,0,0,0.0,0.0
slop,18,0.15,0.0,1,0.075,5.832265912489361e-07,0.07499941677340875,0,0,0.07143447807146086,0.0
slop,19,0.15,0.0,1,0.075,0.0,0.075,0,0,0.0,0.0
slop,20,0.15,0.0,1,0.075,2.30672608690813e-13,0.07499999999976932,0,0,0.01172761808982048,0.0
slop,21,0.15,0.0,1,0.075,0.0,0.075,0,0,0.0,0.4166666666666667
slop,22,0.15,0.0,1,0.075,0.0,0.075,0,0,0.0,0.16666666666666666
slop,23,0.15,0.0,1,0.075,0.0,0.075,0,0,0.0,0.0
slop,24,0.15,0.0,1,0.075,0.0,0.075,0,0,0.0,0.0
slop,25,0.15,0.0,1,0.075,1.9916804516152672e-05,0.07498008319548384,0,0,0.10795038887197483,0.0
slop,26,0.15,0.0,1,0.075,6.281097542840295e-08,0.07499993718902456,0,0,0.054676430703497036,0.0
slop,27,0.15,0.0,1,0.075,0.0,0.075,0,0,0.0,0.0
slop,28,0.15,0.0,1,0.075,0.0,0.075,0,0,0.0,0.0
slop,29,0.15,0.0,1,0.075,1.6777690663621867e-12,0.07499999999832223,0,0,0.01500290751329647,0.0
slop,30,0.15,0.0,1,0.075,7.29661765914198e-23,0.075,0,0,0.0007658914677219908,0.0
slop,31,0.15,0.0,1,0.075,0.0,0.075,0,0,0.0,0.0
slop,32,0.15,0.0,1,0.075,0.0,0.075,0,0,0.0,0.4166666666666667
slop,33,0.15,0.0,1,0.075,1.7938110648407072e-24,0.075,0,0,0.0004820154036384583,0.0
slop,34,0.15,0.0,1,0.075,0.0,0.075,0,0,0.0,0.0
slop,35,0.15,0.0,1,0.075,5.2566491582627684e-05,0.07494743350841737,0,0,0.12049869854469031,0.3333333333333333
slop,36,0.15,0.0,1,0.075,7.669860787426987e-14,0.0749999999999233,0,0,0.010227616339160805,0.0
slop,37,0.15,0.0,1,0.075,2.15943127651198e-10,0.07499999978405687,0,0,0.027349319570278974,0.0
slop,38,0.15,0.0,1,0.075,0.0,0.075,0,0,0.0,0.0
slop,39,0.15,0.0,1,0.075,3.5170400453372235e-09,0.07499999648295995,0,0,0.03851528817576089,0.0
slop,40,0.15,0.0,1,0.075,4.474314559746286e-09,0.07499999552568544,0,0,0.039664858893731836,0.0
slop,41,0.15,0.0,1,0.075,0.0,0.075,0,0,0.0,0.0
slop,42,0.15,0.0,1,0.075,0.0,0.075,0,0,0.0,0.0
slop,43,0.15,0.0,1,0.075,0.0,0.075,0,0,0.0,0.0
slop,44,0.15,0.0,1,0.075,0.0,0.075,0,0,0.0,0.0
slop,45,0.15,0.0,1,0.075,0.0,0.075,0,0,0.0,0.0
slop,46,0.15,0.0,1,0.075,8.554540038571234e-18,0.07499999999999998,0,0,0.003290401819813882,0.0
slop,47,0.15,0.0,1,0.075,1.3101727635660042e-05,0.07498689827236434,0,0,0.10288868730574263,0.0
slop,48,0.15,0.0,1,0.075,3.153269353513796e-09,0.07499999684673064,0,0,0.03800467583534384,0.08333333333333333
slop,49,0.15,0.0,1,0.075,0.0,0.075,0,0,0.0,0.0
slop,50,0.15,0.0,1,0.075,4.938324220913242e-06,0.07499506167577909,0,0,0.09189361131785279,0.4166666666666667
slop,51,0.15,0.0,1,0.075,0.0,0.075,0,0,0.0,0.0
slop,52,0.15,0.0,1,0.075,2.7806934303606186e-08,0.0749999721930657,0,0,0.04954197290573226,0.0
slop,53,0.15,0.0,1,0.075,0.0,0.075,0,0,0.0,0.0
slop,54,0.15,0.0,1,0.075,3.601168640968845e-11,0.07499999996398832,0,0,0.02192882345047642,0.0
slop,55,0.15,0.0,1,0.075,0.0,0.075,0,0,0.0,0.0
slop,56,0.15,0.0,1,0.075,5.7853810846078075e-22,0.075,0,0,0.000992017316487681,0.0
slop,57,0.15,0.0,1,0.075,0.0,0.075,0,0,0.0,0.0
slop,58,0.15,0.0,1,0.075,4.504728023366235e-14,0.07499999999995495,0,0,0.009572660381509612,0.08333333333333333
slop,59,0.15,0.0,1,0.075,0.0,0.075,0,0,0.0,0.0
slop,60,0.15,0.0,1,0.075,0.0,0.075,0,0,0.0,0.0
slop,61,0.15,0.0,1,0.075,0.0,0.075,0,0,0.0,0.3333333333333333
slop,62,0.15,0.0,1,0.075,0.0,0.075,0,0,0.0,0.16666666666666666
slop,63,0.15,0.0,1,0.075,0.0,0.075,0,0,0.0,0.0
slop,64,0.15,0.0,1,0.075,0.0,0.075,0,0,0.0,0.0
slop,65,0.15,0.0,1,0.075,0.0,0.075,0,0,0.0,0.0
slop,66,0.15,0.0,1,0.075,0.0,0.075,0,0,0.0,0.0
slop,67,0.15,0.0,1,0.075,0.0,0.075,0,0,0.0,0.0
slop,68,0.15,0.0,1,0.075,1.1226991115086315e-11,0.074999999988773,0,0,0.01898623070464356,0.0
slop,69,0.15,0.0,1,0.075,3.2990740264748656e-15,0.0749999999999967,0,0,0.006913852847327373,0.0
slop,70,0.15,0.0,1,0.075,0.0,0.075,0,0,0.0,0.3333333333333333
slop,71,0.15,0.0,1,0.075,5.549119444421386e-08,0.07499994450880555,0,0,0.05386405060991639,0.0
slop,72,0.15,0.0,1,0.075,2.858455964212259e-10,0.0749999997141544,0,0,0.028309738947003504,0.3333333333333333
slop,73,0.15,0.0,1,0.075,1.2252642069808883e-11,0.07499999998774735,0,0,0.01919269711834759,0.0
slop,74,0.15,0.0,1,0.075,0.0,0.075,0,0,0.0,0.0
slop,75,0.15,0.0,1,0.075,8.241331900765553e-10,0.0749999991758668,0,0,0.03224386380191846,0.0
slop,76,0.15,0.0,1,0.075,0.0,0.075,0,0,0.0,0.0
slop,77,0.15,0.0,1,0.075,3.5586245039279957e-14,0.07499999999996441,0,0,0.009296014209050574,0.0
slop,78,0.15,0.0,1,0.075,5.5956524604754375e-15,0.0749999999999944,0,0,0.007384096232060378,0.0
slop,79,0.15,0.0,1,0.075,0.0,0.075,0,0,0.0,0.0
quiet_masterpiece,0,0.2,0.0,3,0.1,1.0247528194732828e-05,0.09998975247180528,0,0,0.0967422647020919,0.0
quiet_masterpiece,1,0.2,0.0,3,0.1,0.016635290341387658,0.08336470965861234,0,0,0.21263858319937468,0.08333333333333333
quiet_masterpiece,2,0.2,0.0,3,0.1,0.1,0.0,0,0,0.35975415100692576,0.3333333333333333
quiet_masterpiece,3,0.2,0.0,3,0.1,0.0,0.1,0,0,0.0,0.0
quiet_masterpiece,4,0.2,0.0,3,0.1,7.951287068441059e-05,0.09992048712931559,0,0,0.12221532204394636,0.0
quiet_masterpiece,5,0.2,0.0,3,0.1,7.296269116635536e-05,0.09992703730883365,0,0,0.12104337225734363,0.0
quiet_masterpiece,6,0.2,0.0,3,0.1,0.0,0.1,0,0,0.0,0.0
quiet_masterpiece,7,0.2,0.0,3,0.1,0.0,0.1,0,0,0.0,0.08333333333333333
quiet_masterpiece,8,0.2,0.0,3,0.1,0.0013053447251164378,0.09869465527488357,0,0,0.16538909829975723,0.4166666666666667
quiet_masterpiece,9,0.2,0.0,3,0.1,0.0,0.1,0,0,0.0,0.0
quiet_masterpiece,10,0.2,0.0,3,0.1,4.832155289178571e-06,0.09999516784471082,0,0,0.08863229500422798,0.0
quiet_masterpiece,11,0.2,0.0,3,0.1,1.6626887878259538e-05,0.09998337311212174,0,0,0.10230536892192821,0.0
quiet_masterpiece,12,0.2,0.0,3,0.1,0.000577810979694819,0.09942218902030518,0,0,0.15181834564623986,0.3333333333333333
quiet_masterpiece,13,0.2,0.0,3,0.1,0.0,0.1,0,0,0.0,0.0
quiet_masterpiece,14,0.2,0.0,3,0.1,0.0,0.1,0,0,0.0,0.0
quiet_masterpiece,15,0.2,0.0,3,0.1,0.0005029303395372918,0.09949706966046272,0,0,0.14958742774092015,0.0
quiet_masterpiece,16,0.2,0.0,3,0.1,0.01338991117378396,0.08661008882621604,0,0,0.20833907221951042,0.5
quiet_masterpiece,17,0.2,0.0,3,0.1,0.0007955779788835322,0.09920442202111647,0,0,0.15704854799821244,0.25
quiet_masterpiece,18,0.2,0.0,3,0.1,0.0,0.1,0,0,0.0,0.0
quiet_masterpiece,19,0.2,0.0,3,0.1,0.0,0.1,0,0,0.0,0.0
quiet_masterpiece,20,0.2,0.0,3,0.1,0.05214498462585395,0.047855015374146055,0,0,0.23606091539471197,0.3333333333333333
quiet_masterpiece,21,0.2,0.0,3,0.1,1.5300817275443718e-06,0.09999846991827246,0,0,0.07741127577499518,0.08333333333333333
quiet_masterpiece,22,0.2,0.0,3,0.1,0.00016662457844505518,0.09983337542155495,0,0,0.13268267586222704,0.4166666666666667
quiet_masterpiece,23,0.2,0.0,3,0.1,2.4913426834531766e-05,0.09997508657316548,0,0,0.10716527625124206,0.0
quiet_masterpiece,24,0.2,0.0,3,0.1,8.646602751710483e-07,0.09999913533972483,0,0,0.07234195210635685,0.0
quiet_masterpiece,25,0.2,0.0,3,0.1,0.1,0.0,0,0,0.41986511142269967,0.16666666666666666
quiet_masterpiece,26,0.2,0.0,3,0.1,0.0,0.1,0,0,0.0,0.0
quiet_masterpiece,27,0.2,0.0,3,0.1,2.677637430632912e-05,0.09997322362569368,0,0,0.10805250552796708,0.0
quiet_masterpiece,28,0.2,0.0,3,0.1,0.0,0.1,0,0,0.0,0.0
quiet_masterpiece,29,0.2,0.0,3,0.1,1.8830188732910512e-08,0.09999998116981128,0,0,0.04562921615332649,0.0
quiet_masterpiece,30,0.2,0.0,3,0.1,0.0,0.1,0,0,0.0,0.25
quiet_masterpiece,31,0.2,0.0,3,0.1,0.0,0.1,0,0,0.0,0.08333333333333333
quiet_masterpiece,32,0.2,0.0,3,0.1,1.936311222919014e-06,0.09999806368877709,0,0,0.07959688555039834,0.08333333333333333
quiet_masterpiece,33,0.2,0.0,3,0.1,6.717949915165153e-08,0.09999993282050085,0,0,0.053239126759901945,0.0
quiet_masterpiece,34,0.2,0.0,3,0.1,4.366812129502903e-06,0.0999956331878705,0,0,0.08758786750090608,0.0
quiet_masterpiece,35,0.2,0.0,3,0.1,2.7285879099943283e-05,0.09997271412090006,0,0,0.10828544947504404,0.0
quiet_masterpiece,36,0.2,0.0,3,0.1,2.2904221358186084e-07,0.09999977095778642,0,0,0.06171980244946429,0.0
quiet_masterpiece,37,0.2,0.0,3,0.1,1.250014292364583e-12,0.09999999999874999,0,0,0.013957955176477688,0.0
quiet_masterpiece,38,0.2,0.0,3,0.1,2.639024452973146e-05,0.09997360975547027,0,0,0.10787328914431282,0.0
quiet_masterpiece,39,0.2,0.0,3,0.1,0.0,0.1,0,0,0.0,0.0
quiet_masterpiece,40,0.2,0.0,3,0.1,0.0,0.1,0,0,0.0,0.0
quiet_masterpiece,41,0.2,0.0,3,0.1,3.630356444717251e-07,0.09999963696435553,0,0,0.06522426547611859,0.0
quiet_masterpiece,42,0.2,0.0,3,0.1,1.6885923490473573e-10,0.09999999983114077,0,0,0.025609431260954052,0.0
quiet_masterpiece,43,0.2,0.0,3,0.1,1.161931641991503e-07,0.0999998838068358,0,0,0.05688006783181687,0.0
quiet_masterpiece,44,0.2,0.0,3,0.1,0.1,0.0,0,0,0.2637104721807513,0.25
quiet_masterpiece,45,0.2,0.0,3,0.1,0.00017435702831478106,0.09982564297168522,0,0,0.13334680064939008,0.5
quiet_masterpiece,46,0.2,0.0,3,0.1,5.571451816288137e-07,0.09999944285481838,0,0,0.06865086212672078,0.0
quiet_masterpiece,47,0.2,0.0,3,0.1,0.04875247561134449,0.05124752438865551,0,0,0.23464529815335555,0.0
quiet_masterpiece,48,0.2,0.0,3,0.1,0.0,0.1,0,0,0.0,0.0
quiet_masterpiece,49,0.2,0.0,3,0.1,8.5871830214607e-09,0.09999999141281699,0,0,0.041467871957625135,0.0
quiet_masterpiece,50,0.2,0.0,3,0.1,0.0,0.1,0,0,0.0,0.08333333333333333
quiet_masterpiece,51,0.2,0.0,3,0.1,5.4468834623743e-07,0.09999945531165377,0,0,0.06846581566434629,0.0
quiet_masterpiece,52,0.2,0.0,3,0.1,0.0,0.1,0,0,0.0,0.0
quiet_masterpiece,53,0.2,0.0,3,0.1,0.0,0.1,0,0,0.0,0.0
quiet_masterpiece,54,0.2,0.0,3,0.1,0.0,0.1,0,0,0.0,0.08333333333333333
quiet_masterpiece,55,0.2,0.0,3,0.1,0.0005838483417596315,0.09941615165824037,0,0,0.15198637127256065,0.0
quiet_masterpiece,56,0.2,0.0,3,0.1,0.0,0.1,0,0,0.0,0.08333333333333333
quiet_masterpiece,57,0.2,0.0,3,0.1,8.595425604395322e-06,0.0999914045743956,0,0,0.0947885418010721,0.08333333333333333
quiet_masterpiece,58,0.2,0.0,3,0.1,5.5614276226720676e-05,0.09994438572377329,0,0,0.11740254257394955,0.08333333333333333
quiet_masterpiece,59,0.2,0.0,3,0.1,6.1798686695103e-10,0.09999999938201314,0,0,0.030043346181601427,0.16666666666666666
quiet_masterpiece,60,0.2,0.0,3,0.1,2.329375562961878e-07,0.0999997670624437,0,0,0.06184490881205518,0.08333333333333333
quiet_masterpiece,61,0.2,0.0,3,0.1,4.530318485021175e-22,0.1,0,0,0.0009281975509654039,0.08333333333333333
quiet_masterpiece,62,0.2,0.0,3,0.1,1.8216544348207023e-07,0.09999981783455653,0,0,0.060044614098971216,0.0
quiet_masterpiece,63,0.2,0.0,3,0.1,0.0,0.1,0,0,0.0,0.0
quiet_masterpiece,64,0.2,0.0,3,0.1,1.2234559267695908e-11,0.09999999998776544,0,0,0.018518121190640224,0.0
quiet_masterpiece,65,0.2,0.0,3,0.1,0.0,0.1,0,0,0.0,0.0
quiet_masterpiece,66,0.2,0.0,3,0.1,0.05340099495667793,0.046599005043322074,0,0,0.23656286543827787,0.16666666666666666
quiet_masterpiece,67,0.2,0.0,3,0.1,3.31698862299753e-07,0.09999966830113771,0,0,0.06452293288403932,0.0
quiet_masterpiece,68,0.2,0.0,3,0.1,1.7137763947548676e-07,0.09999982862236052,0,0,0.0596053754245649,0.08333333333333333
quiet_masterpiece,69,0.2,0.0,3,0.1,1.5033498115100521e-05,0.0999849665018849,0,0,0.10112486498901574,0.0
quiet_masterpiece,70,0.2,0.0,3,0.1,8.768459278733382e-12,0.09999999999123155,0,0,0.017770061995426856,0.08333333333333333
quiet_masterpiece,71,0.2,0.0,3,0.1,3.8364264835052484e-08,0.09999996163573517,0,0,0.04974758133511803,0.08333333333333333
quiet_masterpiece,72,0.2,0.0,3,0.1,0.0,0.1,0,0,0.0,0.0
quiet_masterpiece,73,0.2,0.0,3,0.1,3.1426449223121723e-09,0.09999999685735508,0,0,0.036675477728653094,0.0
quiet_masterpiece,74,0.2,0.0,3,0.1,0.1,0.0,0,0,0.5492139264122933,0.4166666666666667
quiet_masterpiece,75,0.2,0.0,3,0.1,4.832911514991328e-07,0.0999995167088485,0,0,0.06749487194687664,0.0
quiet_masterpiece,76,0.2,0.0,3,0.1,5.564748925377347e-07,0.09999944352510746,0,0,0.06864099896634435,0.0
quiet_masterpiece,77,0.2,0.0,3,0.1,2.2671358592397105e-13,0.0999999999997733,0,0,0.011291507646674193,0.0
quiet_masterpiece,78,0.2,0.0,3,0.1,1.6817602395755226e-07,0.09999983182397605,0,0,0.05947030379813878,0.16666666666666666
quiet_masterpiece,79,0.2,0.0,3,0.1,0.0,0.1,0,0,0.0,0.16666666666666666
