cell,t,meanfield_epistemic_total,exact_epistemic_total,epistemic_total_abs_error,meanfield_epistemic_goal,exact_epistemic_goal,epistemic_goal_abs_error,meanfield_pragmatic,exact_pragmatic,pragmatic_abs_error,joint_vs_product_kl
machine work passed off as human,1,3.462277635277431,3.4622686336683435,9.00160908745562e-06,1.261049634666698,1.2610496346666975,4.440892098500626e-16,-8.974036646991053,-8.974036646991053,0.0,-2.239641363612691e-16
machine work passed off as human,2,1.1045045834480725,0.9659594553153497,0.1385451281327228,0.6075458738263912,0.5555502818934266,0.05199559193296466,-8.974036646991049,-8.974036646991053,3.552713678800501e-15,0.05775933470972596
machine work passed off as human,3,1.3434403691914136,1.324231874116549,0.01920849507486455,1.2381158809484476,1.2327996385804814,0.00531624236796624,-8.974036646991047,-8.974036646991053,5.329070518200751e-15,0.010292697203391111
machine work passed off as human,4,1.7794444667754576,1.7774256860785136,0.002018780696944056,1.7489470041386825,1.7484344504795715,0.0005125536591110702,-8.974036646991047,-8.974036646991053,5.329070518200751e-15,0.0012296664686711183
machine work passed off as human,5,0.3607747611273058,0.36035950314018184,0.00041525798712394035,0.359520380937823,0.3592067566853474,0.0003136242524756083,-8.974036646991053,-8.974036646991053,0.0,0.000226198327636186
machine work passed off as human,6,1.1550693717994616,1.1550145581409708,5.481365849080433e-05,1.1548094344286826,1.154775194074759,3.424035392352032e-05,-8.974036646991053,-8.974036646991053,0.0,3.652842834214767e-05
machine work passed off as human,7,0.19961099802103588,0.19960006558385945,1.0932437176425225e-05,0.19959588027034242,0.19959358542678024,2.2948435621783503e-06,-8.974036646991056,-8.974036646991053,3.552713678800501e-15,2.13612770328334e-06
machine work passed off as human,8,0.005176656232512844,0.005167684970659447,8.971261853396584e-06,0.005167639851808438,0.005167609307085736,3.054472270166281e-08,-8.974036646991053,-8.974036646991053,0.0,4.16360826237277e-08
machine work passed off as human,9,0.00012186665850322242,0.0001128881068370724,8.978551666150025e-06,0.00011288756132943545,0.00011288722752546466,3.3380397079264823e-10,-8.974036646991049,-8.97403664699105,1.7763568394002505e-15,6.392691903508825e-10
machine work passed off as human,10,0.00012329281655487634,0.00011429166816379066,9.001148391085678e-06,0.00011429143200690549,0.00011429125868677993,1.7332012555845364e-10,-8.974036646991044,-8.974036646991049,5.329070518200751e-15,3.0031861372101074e-10
machine work passed off as human,11,0.00021676175472284953,0.00020776052159110492,9.001233131744613e-06,0.00020776041093311585,0.00020776032262604662,8.830706923080439e-11,-8.974036646991046,-8.974036646991049,3.552713678800501e-15,1.3549927522369068e-10
machine work passed off as human,12,0.004497691822928029,0.004488690552006069,9.001270921960014e-06,0.0044886904980135905,0.0044886904531348144,4.487877604264501e-11,-8.974036646991049,-8.974036646991053,3.552713678800501e-15,5.916583886855663e-11
machine work passed off as human,13,0.004562183393729935,0.004553182104744202,9.001288985732714e-06,0.00455318207823004,0.004553182055646675,2.258336486565815e-11,-8.974036646991047,-8.97403664699105,3.552713678800501e-15,2.706761434077431e-11
machine work passed off as human,14,0.007519882611229267,0.0075108813134923125,9.001297736954683e-06,0.00751088130033805,0.0075108812889785655,1.1359484533568498e-11,-8.974036646991049,-8.974036646991053,3.552713678800501e-15,1.2065357473642208e-11
machine work passed off as human,15,0.00017297732102194985,0.00016397601484507973,9.001306176870116e-06,0.0001639760147049595,0.00016397601458215631,1.2280318905863452e-13,-8.97403664699105,-8.974036646991053,1.7763568394002505e-15,1.9902873305897335e-13
machine work passed off as human,16,1.2528866183192378e-05,3.5650274901044554e-06,8.963838693087922e-06,3.5650274955483683e-06,3.5650274942067834e-06,1.3415849919699852e-15,-8.974036646991053,-8.974036646991053,0.0,2.897166681313874e-15
machine work passed off as human,17,9.023347853798214e-06,7.750074715318078e-08,8.945847106645033e-06,7.750075481130661e-08,7.750075457987201e-08,2.3143460042005567e-16,-8.974036646991049,-8.974036646991053,3.552713678800501e-15,2.586568694409008e-16
machine work passed off as human,18,1.1087866951697833e-05,2.109703446606659e-06,8.978163505091175e-06,2.109703454347876e-06,2.1097034543392023e-06,8.673617379884035e-18,-8.974036646991053,-8.974036646991053,0.0,1.7072888306964967e-17
machine work passed off as human,19,1.1102434267939998e-05,2.16092383897859e-06,8.941510428961408e-06,2.1609238467121788e-06,2.160923846707835e-06,4.343584953520052e-18,-8.974036646991053,-8.974036646991053,0.0,7.981629545659082e-18
machine work passed off as human,20,0.00010457486617720946,9.563335467088763e-05,8.941511506321831e-06,9.563335467836719e-05,9.563335467792066e-05,4.46528664738155e-16,-8.974036646991049,-8.974036646991053,3.552713678800501e-15,2.256818798678419e-16
machine work passed off as human,21,0.0001069683948697886,9.798941643968107e-05,8.978978430107531e-06,9.79894164464055e-05,9.798941644640442e-05,1.0842021724855044e-18,-8.974036646991053,-8.974036646991053,0.0,1.657434892300514e-18
machine work passed off as human,22,0.004388049298984953,0.004379070302110932,8.978996874020595e-06,0.004379070302119086,0.004379070302118641,4.44956571588051e-16,-8.974036646991049,-8.974036646991053,3.552713678800501e-15,2.2293981027826523e-16
machine work passed off as human,23,0.0001045661855210156,9.560283154907978e-05,8.963353971935817e-06,9.560283155617317e-05,9.560283155661683e-05,4.436555289810684e-16,-8.974036646991056,-8.974036646991053,3.552713678800501e-15,-2.2203352343617995e-16
machine work passed off as human,24,1.1078997053548534e-05,2.078515844772255e-06,9.000481208776279e-06,2.0785158518485386e-06,2.0785158518485395e-06,8.470329472543003e-22,-8.974036646991053,-8.974036646991053,0.0,1.5056171708009855e-22
machine work passed off as human,25,9.014157159814573e-06,4.5185211128284664e-08,8.968971948686288e-06,4.518521869067404e-08,4.5185218690674014e-08,2.6469779601696886e-23,-8.974036646991053,-8.974036646991053,0.0,1.953980260415067e-24
machine work passed off as human,26,9.00158563332809e-06,9.82279590999724e-10,9.000603353737091e-06,9.82287315876165e-10,9.82287315876165e-10,0.0,-8.974036646991053,-8.974036646991053,0.0,2.4574182639099147e-26
machine work passed off as human,27,9.00131234038426e-06,2.134692422828266e-11,9.001290993460032e-06,2.1354784766924723e-11,2.1354340677714873e-11,4.440892098500626e-16,-8.974036646991049,-8.974036646991053,3.552713678800501e-15,2.2204460492533384e-16
machine work passed off as human,28,9.001312489154145e-06,2.1872281763535284e-11,9.001290616872382e-06,2.1880260667199515e-11,2.1880260667199515e-11,0.0,-8.974036646991053,-8.974036646991053,0.0,1.4911508376013355e-28
machine work passed off as human,29,9.001319374313255e-06,4.607914050325235e-11,9.001273295172751e-06,4.6086612313335165e-11,4.608661231333511e-11,5.169878828456423e-26,-8.974036646991053,-8.974036646991053,0.0,7.205268161886222e-29
machine work passed off as human,30,9.00130655123732e-06,9.952039192739903e-13,9.001305556033401e-06,1.0018041067593896e-12,1.0018041067593896e-12,0.0,-8.974036646991053,-8.974036646991053,0.0,8.817853233834122e-31
machine work passed off as human,31,9.00130655123732e-06,9.952039192739903e-13,9.001305556033401e-06,1.0019118872519738e-12,1.0019118872519722e-12,1.6155871338926322e-27,-8.974036646991053,-8.974036646991053,0.0,4.343335121093289e-31
machine work passed off as human,32,9.001312489154145e-06,2.1872281763535284e-11,9.001290616872382e-06,2.1880260667199515e-11,2.1880260667199515e-11,0.0,-8.974036646991053,-8.974036646991053,0.0,2.116932062375359e-31
machine work passed off as human,33,9.001319374313255e-06,4.607914050325235e-11,9.001273295172751e-06,4.6086612313335216e-11,4.6086612313335165e-11,5.169878828456423e-26,-8.974036646991053,-8.974036646991053,0.0,1.0230406457668962e-31
machine work passed off as human,34,9.001592515822665e-06,1.0064793443120834e-09,9.000586036478353e-06,1.0064860757083312e-09,1.0064865197975402e-09,4.44089209022882e-16,-8.974036646991054,-8.974036646991053,1.7763568394002505e-15,-2.2204460492503136e-16
machine work passed off as human,35,9.001312490042324e-06,2.1872725852745134e-11,9.00129061731647e-06,2.1880819383043503e-11,2.188037529383368e-11,4.440892098242132e-16,-8.974036646991049,-8.974036646991053,3.552713678800501e-15,2.2204460492503126e-16
machine work passed off as human,36,9.001312489154145e-06,2.1872281763535284e-11,9.001290616872382e-06,2.1880260667199515e-11,2.1880260667199515e-11,0.0,-8.974036646991053,-8.974036646991053,0.0,2.9839370400762355e-34
machine work passed off as human,37,9.001312491374591e-06,2.1879387190892885e-11,9.0012906119874e-06,2.18871818066873e-11,2.18871818066873e-11,0.0,-8.974036646991053,-8.974036646991053,0.0,1.4642559021819962e-34
machine work passed off as human,38,9.001312580636522e-06,2.219335826225688e-11,9.00129038727826e-06,2.2200799205884208e-11,2.2200799205884208e-11,0.0,-8.974036646991053,-8.974036646991053,0.0,7.160966157650829e-35
machine work passed off as human,39,9.001306404243792e-06,4.756195437494171e-13,9.001305928624248e-06,4.826826546445574e-13,4.826826546445574e-13,0.0,-8.974036646991053,-8.974036646991053,0.0,8.749279057597782e-37
machine work passed off as human,40,9.001306492617545e-06,7.891465259035613e-13,9.001305703471019e-06,7.962868217983048e-13,7.962868217983056e-13,8.077935669463161e-28,-8.974036646991053,-8.974036646991053,0.0,4.279944534650459e-37
machine work labelled honestly,1,3.462277635277431,3.4622686336683435,9.00160908745562e-06,1.261049634666698,1.2610496346666975,4.440892098500626e-16,-8.974036646991053,-8.974036646991053,0.0,-2.239641363612691e-16
machine work labelled honestly,2,0.37216713045347616,0.3529966813641172,0.019170449089358943,0.06773319695401181,0.08020173279716758,0.01246853584315577,-8.974036646991053,-8.974036646991053,0.0,0.025684773913260215
machine work labelled honestly,3,0.029780260767391376,0.029769447066527732,1.0813700863643305e-05,0.02708639146826819,0.027087797549563586,1.406081295396433e-06,-8.974036646991053,-8.974036646991053,0.0,7.518118104535239e-05
machine work labelled honestly,4,0.026812567852387392,0.026805096571597797,7.471280789594914e-06,0.02677765373170926,0.026777610432493937,4.329921532431058e-08,-8.974036646991053,-8.974036646991053,0.0,2.2051858938827104e-07
machine work labelled honestly,5,0.026855878300469982,0.026847222157519113,8.656142950869139e-06,0.02684679709372073,0.026846797348345497,2.546247657164713e-10,-8.974036646991053,-8.974036646991053,0.0,1.551354920937343e-08
machine work labelled honestly,6,0.02668140250407669,0.02667240585722075,8.996646855941037e-06,0.026672399705886196,0.026672399689678716,1.6207479802687885e-11,-8.974036646991053,-8.974036646991053,0.0,1.678591235229275e-10
machine work labelled honestly,7,0.026740353866789413,0.026731352331208935,9.001535580477338e-06,0.026731352219969917,0.026731352219943716,2.6201263381153694e-14,-8.974036646991053,-8.974036646991053,0.0,6.7146772588007734e-12
machine work labelled honestly,8,0.026766797767956874,0.026757796144631918,9.001623324955688e-06,0.026757796141731127,0.026757796141729795,1.3322676295501878e-15,-8.974036646991049,-8.974036646991053,3.552713678800501e-15,3.21528536679957e-13
machine work labelled honestly,9,0.026756274902820287,0.026747273277212713,9.001625607574226e-06,0.02674727327712656,0.02674727327712878,2.220446049250313e-15,-8.974036646991058,-8.974036646991053,5.329070518200751e-15,1.2336666098589345e-14
machine work labelled honestly,10,0.026894056844850134,0.026885055219168397,9.001625681737124e-06,0.026885055219174614,0.02688505521917417,4.440892098500626e-16,-8.974036646991053,-8.974036646991053,0.0,-1.5003283667512708e-18
machine work labelled honestly,11,0.026902248974538967,0.02689324734885634,9.001625682625303e-06,0.02689324734886389,0.02689324734886389,0.0,-8.974036646991053,-8.974036646991053,0.0,1.092103846756711e-18
machine work labelled honestly,12,0.026871680233674144,0.02686267860799063,9.001625683513481e-06,0.026862678607999513,0.026862678607998625,8.881784197001252e-16,-8.97403664699105,-8.974036646991053,1.7763568394002505e-15,2.220540569685958e-16
machine work labelled honestly,13,0.027003037036667177,0.026994035410983663,9.001625683513481e-06,0.026994035410991657,0.026994035410992545,8.881784197001252e-16,-8.974036646991049,-8.974036646991053,3.552713678800501e-15,2.220446933306879e-16
machine work labelled honestly,14,0.027118533233662312,0.027109531607979687,9.001625682625303e-06,0.02710953160798546,0.02710953160798546,0.0,-8.974036646991053,-8.974036646991053,0.0,7.8806906140771875e-25
machine work labelled honestly,15,0.027110088230589025,0.027101086604905955,9.001625683069392e-06,0.027101086604912616,0.027101086604912172,4.440892098500626e-16,-8.974036646991049,-8.974036646991053,3.552713678800501e-15,2.2204460495815173e-16
machine work labelled honestly,16,0.027061639898500633,0.02705263827281712,9.001625683513481e-06,0.02705263827282467,0.02705263827282467,0.0,-8.974036646991053,-8.974036646991053,0.0,1.2002333334808931e-27
machine work labelled honestly,17,0.026968999471708166,0.026959997846025097,9.001625683069392e-06,0.026959997846032202,0.026959997846032646,4.440892098500626e-16,-8.974036646991053,-8.974036646991053,0.0,4.0815863070012724e-29
machine work labelled honestly,18,0.02696011220422756,0.026951110578544046,9.001625683513481e-06,0.026951110578551596,0.026951110578551596,0.0,-8.974036646991054,-8.974036646991053,1.7763568394002505e-15,3.8746301099833643e-31
machine work labelled honestly,19,0.026935745620451534,0.026926743994767577,9.00162568395757e-06,0.02692674399477646,0.02692674399477557,8.881784197001252e-16,-8.974036646991049,-8.974036646991053,3.552713678800501e-15,2.2204460492503123e-16
machine work labelled honestly,20,0.026903069015908887,0.02689406739022626,9.001625682625303e-06,0.02689406739023381,0.02689406739023381,0.0,-8.974036646991053,-8.974036646991053,0.0,3.42685839386763e-35
machine work labelled honestly,21,0.02685486451884289,0.026845862893159822,9.001625683069392e-06,0.02684586289316604,0.02684586289316604,0.0,-8.974036646991053,-8.974036646991053,0.0,3.2453703952753763e-37
machine work labelled honestly,22,0.026799144597512647,0.026790142971829134,9.001625683513481e-06,0.026790142971836683,0.02679014297183757,8.881784197001252e-16,-8.974036646991056,-8.974036646991054,1.7763568394002505e-15,-2.2204460492503136e-16
machine work labelled honestly,23,0.026760275915418408,0.02675127428973667,9.001625681737124e-06,0.026751274289742888,0.026751274289742888,0.0,-8.974036646991053,-8.974036646991053,0.0,1.0525026467901966e-40
machine work labelled honestly,24,0.026677256472418698,0.02666825484673474,9.00162568395757e-06,0.026668254846743178,0.026668254846743178,0.0,-8.974036646991053,-8.974036646991053,0.0,3.646350448677384e-42
machine work labelled honestly,25,0.026546173622249203,0.02653717199656569,9.001625683513481e-06,0.02653717199657235,0.02653717199657235,0.0,-8.974036646991053,-8.974036646991054,1.7763568394002505e-15,1.2167458050518458e-43
machine work labelled honestly,26,0.02636354813782482,0.026354546512141752,9.001625683069392e-06,0.026354546512148413,0.026354546512148413,0.0,-8.974036646991053,-8.974036646991053,0.0,3.990793700433133e-45
machine work labelled honestly,27,0.026126460432503773,0.026117458806821148,9.001625682625303e-06,0.026117458806829585,0.02611745880683003,4.440892098500626e-16,-8.974036646991053,-8.974036646991053,0.0,1.2976119424834406e-46
machine work labelled honestly,28,0.026168334154687223,0.026159332529004153,9.001625683069392e-06,0.026159332529013035,0.026159332529013035,0.0,-8.974036646991053,-8.974036646991053,0.0,1.259390293905374e-48
machine work labelled honestly,29,0.02617307634041044,0.026164074714726482,9.00162568395757e-06,0.026164074714733587,0.0261640747147327,8.881784197001252e-16,-8.974036646991049,-8.974036646991053,3.552713678800501e-15,3.1199854101525896e-16
machine work labelled honestly,30,0.025934193099183656,0.025925191473500142,9.001625683513481e-06,0.02592519147350769,0.025925191473508136,4.440892098500626e-16,-8.974036646991053,-8.974036646991053,0.0,3.9625718551025515e-52
machine work labelled honestly,31,0.0261023445101789,0.026093342884495385,9.001625683513481e-06,0.02609334288450338,0.02609334288450338,0.0,-8.97403664699105,-8.974036646991053,1.7763568394002505e-15,2.2204460492503126e-16
machine work labelled honestly,32,0.02616833415468811,0.026159332529004153,9.00162568395757e-06,0.026159332529013923,0.026159332529013035,8.881784197001252e-16,-8.974036646991047,-8.97403664699105,3.552713678800501e-15,3.635221564569879e-16
machine work labelled honestly,33,0.026173076340409107,0.026164074714726482,9.001625682625303e-06,0.0261640747147327,0.0261640747147327,0.0,-8.974036646991053,-8.974036646991053,0.0,3.617788485073759e-58
machine work labelled honestly,34,0.02621716262422824,0.02620816099854517,9.001625683069392e-06,0.02620816099855139,0.026208160998550056,1.3322676295501878e-15,-8.97403664699105,-8.974036646991053,1.7763568394002505e-15,2.2204460492503126e-16
machine work labelled honestly,35,0.026001493670409825,0.025992492044725868,9.00162568395757e-06,0.02599249204473475,0.02599249204473475,0.0,-8.974036646991053,-8.974036646991053,0.0,1.139390382632553e-61
machine work labelled honestly,36,0.02616833415468811,0.026159332529004153,9.00162568395757e-06,0.02615933252901348,0.026159332529013035,4.440892098500626e-16,-8.974036646991049,-8.974036646991053,3.552713678800501e-15,2.2204460492503123e-16
machine work labelled honestly,37,0.02633152058070687,0.026322518955023355,9.001625683513481e-06,0.026322518955032237,0.02632251895503135,8.881784197001252e-16,-8.974036646991049,-8.97403664699105,1.7763568394002505e-15,3.6453843758187744e-16
machine work labelled honestly,38,0.026488414103656766,0.026479412477973696,9.001625683069392e-06,0.026479412477983022,0.026479412477983022,0.0,-8.974036646991053,-8.974036646991053,0.0,1.0416189809376904e-67
machine work labelled honestly,39,0.026233231804095425,0.026224230178412355,9.001625683069392e-06,0.02622423017842168,0.02622423017842168,0.0,-8.974036646991054,-8.974036646991053,1.7763568394002505e-15,3.3796364589433143e-69
machine work labelled honestly,40,0.026389351296322694,0.026380349670639625,9.001625683069392e-06,0.026380349670648506,0.026380349670648506,0.0,-8.974036646991053,-8.974036646991053,0.0,3.2811459014321367e-71
human work read correctly,1,3.462277635277431,3.4622686336683435,9.00160908745562e-06,1.261049634666698,1.2610496346666975,4.440892098500626e-16,-8.974036646991053,-8.974036646991053,0.0,-2.239641363612691e-16
human work read correctly,2,0.8957895846356534,0.7861108570796169,0.10967872755603647,0.4586043328757419,0.4158273917296654,0.04277694114607655,-8.974036646991053,-8.974036646991053,0.0,0.04502633201978268
human work read correctly,3,0.012834860758684119,0.012772118524128295,6.274223455582373e-05,0.008703917896240572,0.008659745684750586,4.4172211489985555e-05,-8.974036646991056,-8.974036646991053,3.552713678800501e-15,4.173662899406265e-05
human work read correctly,4,0.00026616352167163626,0.0002573094506646001,8.854071007036168e-06,0.00018831428528876389,0.00018829434405620392,1.994123255996509e-08,-8.974036646991053,-8.974036646991053,0.0,2.112926064694287e-08
human work read correctly,5,1.415590736320027e-05,5.359597631482416e-06,8.796309731717855e-06,4.093512692914556e-06,4.09350555267135e-06,7.140243205247814e-12,-8.974036646991053,-8.974036646991053,0.0,9.511002149629759e-12
human work read correctly,6,9.033915056466668e-06,1.1483904494014041e-07,8.919076011526528e-06,8.898941290716762e-08,8.898934855052226e-08,6.435664536042515e-14,-8.97403664699105,-8.974036646991053,1.7763568394002505e-15,1.2855460457568736e-13
human work read correctly,7,9.002006829739173e-06,2.465232462611766e-09,8.999541597276561e-06,1.934552208443317e-09,1.934550916257108e-09,1.2921862091571267e-15,-8.974036646991049,-8.97403664699105,1.7763568394002505e-15,1.9668367077808195e-15
human work read correctly,8,9.001321174650911e-06,5.2382542747864136e-11,9.001268792108164e-06,4.205569817421033e-11,4.205569796264436e-11,2.115659690199448e-19,-8.974036646991053,-8.974036646991053,0.0,5.886446146026717e-19
human work read correctly,9,9.00130658543219e-06,1.1119993814645568e-12,9.001305473432808e-06,9.138086363890352e-13,9.140306809217742e-13,2.2204453273898258e-16,-8.974036646991054,-8.974036646991053,1.7763568394002505e-15,-1.1102207809221429e-16
human work read correctly,10,9.001306272793386e-06,1.7319479184152442e-14,9.001306255473907e-06,1.9662266832260268e-14,1.9884311437160536e-14,2.2204460490026739e-16,-8.974036646991054,-8.974036646991054,0.0,-1.1102230237782935e-16
human work read correctly,11,9.001306266576137e-06,-6.661338147750939e-15,9.001306273237475e-06,3.099401738282564e-16,3.0994017382824537e-16,1.1044052673094165e-29,-8.974036646991053,-8.974036646991053,0.0,3.174297860111889e-29
human work read correctly,12,9.001306266576137e-06,-7.105427357601002e-15,9.001306273681564e-06,9.392711011674097e-18,9.392711011674146e-18,4.930380657631324e-32,-8.974036646991053,-8.974036646991053,0.0,1.187638259005474e-32
human work read correctly,13,9.001306266576137e-06,-7.105427357601002e-15,9.001306273681564e-06,1.0027869977035703e-16,1.0027869977035703e-16,0.0,-8.974036646991053,-8.974036646991053,0.0,5.6183215521996087e-33
human work read correctly,14,9.001306266576137e-06,-7.105427357601002e-15,9.001306273681564e-06,2.869551252538898e-18,2.869551252538898e-18,0.0,-8.974036646991053,-8.974036646991053,0.0,2.1175734056031e-36
human work read correctly,15,9.001306266576137e-06,-7.105427357601002e-15,9.001306273681564e-06,6.23815489682371e-20,6.23815489682371e-20,0.0,-8.974036646991053,-8.974036646991053,0.0,7.790694922589236e-40
human work read correctly,16,9.001306266576137e-06,-7.105427357601002e-15,9.001306273681564e-06,1.3561206297442926e-21,1.3561206297442926e-21,0.0,-8.974036646991053,-8.974036646991053,0.0,8.675389308416903e-42
human work read correctly,17,9.001306266576137e-06,-7.105427357601002e-15,9.001306273681564e-06,2.948088325531053e-23,2.948088325531053e-23,0.0,-8.974036646991053,-8.974036646991053,0.0,3.140818734570786e-45
human work read correctly,18,9.001306266576137e-06,-7.105427357601002e-15,9.001306273681564e-06,6.408887664198e-25,6.408887664198e-25,0.0,-8.974036646991053,-8.974036646991053,0.0,1.137134125901688e-48
human work read correctly,19,9.001306266576137e-06,-7.105427357601002e-15,9.001306273681564e-06,1.3932364487386924e-26,1.3932364487386924e-26,0.0,-8.974036646991053,-8.974036646991053,0.0,1.2364239612585959e-50
human work read correctly,20,9.001306266576137e-06,-7.105427357601002e-15,9.001306273681564e-06,3.3777478557814713e-26,3.3777478557814713e-26,0.0,-8.974036646991053,-8.974036646991053,0.0,5.994547780762069e-51
human work read correctly,21,9.001306266576137e-06,-7.105427357601002e-15,9.001306273681564e-06,7.342930121264092e-28,7.342930121264092e-28,0.0,-8.974036646991053,-8.974036646991053,0.0,6.788452267784345e-53
human work read correctly,22,9.001306266576137e-06,-7.105427357601002e-15,9.001306273681564e-06,1.5962891567965518e-29,1.5962891567965518e-29,0.0,-8.974036646991053,-8.974036646991053,0.0,2.3899786952586522e-56
human work read correctly,23,9.001306266576137e-06,-7.105427357601002e-15,9.001306273681564e-06,3.4701938191229406e-31,3.4701938191229406e-31,0.0,-8.974036646991053,-8.974036646991053,0.0,2.709038136077046e-58
human work read correctly,24,9.001306266576137e-06,-7.105427357601002e-15,9.001306273681564e-06,7.543899606788914e-33,7.543899606788914e-33,0.0,-8.974036646991053,-8.974036646991053,0.0,9.46466725570803e-62
human work read correctly,25,9.001306266576137e-06,-7.105427357601002e-15,9.001306273681564e-06,1.6399781753888972e-34,1.6399781753888972e-34,0.0,-8.974036646991053,-8.974036646991053,0.0,1.0716773585658253e-63
human work read correctly,26,9.001306266576137e-06,-7.105427357601002e-15,9.001306273681564e-06,3.565169946497676e-36,3.565169946497676e-36,0.0,-8.974036646991053,-8.974036646991053,0.0,3.7228599613639666e-67
human work read correctly,27,9.001306266576137e-06,-7.105427357601002e-15,9.001306273681564e-06,7.750369448907825e-38,7.750369448907825e-38,0.0,-8.974036646991053,-8.974036646991053,0.0,4.205874857995725e-69
human work read correctly,28,9.001306266576137e-06,-7.105427357601002e-15,9.001306273681564e-06,1.68486292367562e-39,1.6848629236756147e-39,5.22024357439882e-54,-8.974036646991053,-8.974036646991053,0.0,1.454698432002465e-72
human work read correctly,29,9.001306266576137e-06,-7.105427357601002e-15,9.001306273681564e-06,3.6627454862512973e-41,3.6627454862512973e-41,0.0,-8.974036646991053,-8.974036646991053,0.0,1.6388242903093624e-74
human work read correctly,30,9.001306266576137e-06,-7.105427357601002e-15,9.001306273681564e-06,7.96249018750301e-43,7.96249018750301e-43,0.0,-8.974036646991053,-8.974036646991053,0.0,1.84430429735356e-76
human work read correctly,31,9.001306266576137e-06,-7.105427357601002e-15,9.001306273681564e-06,1.730976127718028e-44,1.730976127718028e-44,0.0,-8.974036646991053,-8.974036646991053,0.0,2.0720864349220783e-78
human work read correctly,32,9.001306266576137e-06,-7.105427357601002e-15,9.001306273681564e-06,3.762991581995691e-46,3.762991581995691e-46,0.0,-8.974036646991053,-8.974036646991053,0.0,7.117216613006488e-82
human work read correctly,33,9.001306266576137e-06,-7.105427357601002e-15,9.001306273681564e-06,8.180416482599182e-48,8.180416482599143e-48,3.8893845486632136e-62,-8.974036646991053,-8.974036646991053,0.0,2.4425928234752359e-85
human work read correctly,34,9.001306266576137e-06,-7.105427357601002e-15,9.001306273681564e-06,1.778351409260754e-49,1.778351409260754e-49,0.0,-8.974036646991053,-8.974036646991053,0.0,2.7317526315735166e-87
human work read correctly,35,9.001306266576137e-06,-7.105427357601002e-15,9.001306273681564e-06,2.4009999915305882e-49,2.400999991530564e-49,2.4308653429145085e-63,-8.974036646991053,-8.974036646991053,0.0,7.482817350570177e-89
human work read correctly,36,9.001306266576137e-06,-7.105427357601002e-15,9.001306273681564e-06,5.2195651989794636e-51,5.2195651989794636e-51,0.0,-8.974036646991053,-8.974036646991053,0.0,8.353149427874072e-91
human work read correctly,37,9.001306266576137e-06,-7.105427357601002e-15,9.001306273681564e-06,1.1346880867346885e-52,1.1346880867346885e-52,0.0,-8.974036646991053,-8.974036646991053,0.0,2.8579517965210347e-94
human work read correctly,38,9.001306266576137e-06,-7.105427357601002e-15,9.001306273681564e-06,2.466713232031963e-54,2.4667132320319443e-54,1.8546030753437107e-68,-8.974036646991053,-8.974036646991053,0.0,9.772059737326808e-98
human work read correctly,39,9.001306266576137e-06,-7.105427357601002e-15,9.001306273681564e-06,5.362420069634571e-56,5.362420069634513e-56,5.795634610449096e-70,-8.974036646991053,-8.974036646991053,0.0,3.339328444665365e-101
human work read correctly,40,9.001306266576137e-06,-7.105427357601002e-15,9.001306273681564e-06,1.1657434933988127e-57,1.1657434933988036e-57,9.055679078826712e-72,-8.974036646991053,-8.974036646991053,0.0,1.140443193784347e-104
