sweep,n_artifacts,m_observers,averaging,seed_rep,generation,kl_payload,creator_col_kl,eff_sample_count,mi_genuine,mean_deep_genuine
N,100,5,True,0,0,0.035545598125853686,0.42468862607893904,50.24413393790894,0.8267871536567604,2.012
N,100,5,True,0,1,0.02549293833802735,0.4800535712543025,51.239310236380085,0.7407796838130187,2.052
N,100,5,True,0,2,0.047673444239252405,0.4808079191131021,53.512832700401546,0.7005930699358924,2.142
N,100,5,True,0,3,0.0338067287782373,0.4753445675878128,54.592292435720175,0.7129694079919819,2.186
N,100,5,True,0,4,0.05352174467130633,0.437530222419846,57.803331850796916,0.7086111381033939,2.314
N,100,5,True,0,5,0.052494420439966286,0.4677666685594031,57.8536074634593,0.6881954577731825,2.3160000000000003
N,100,5,True,0,6,0.1005821812866825,0.5435433619761275,50.19226920852234,0.7284687429352272,2.0100000000000002
N,100,5,True,0,7,0.12554254219282668,0.5230885540136142,52.39579174527413,0.6444381144477243,2.098
N,100,5,True,1,0,0.032788304001423726,0.3757682102183344,47.59923278975886,0.8436454365533711,1.906
N,100,5,True,1,1,0.01305228895514933,0.49107976551332455,53.75629473981836,0.7214226755532631,2.152
N,100,5,True,1,2,0.04306314481365639,0.6324744429212519,53.53601315495047,0.6203386813685325,2.1439999999999997
N,100,5,True,1,3,0.07084069641354526,0.4957354415330751,49.59427409407162,0.6583974531582295,1.986
N,100,5,True,1,4,0.06951283808414127,0.6062728864128438,52.99539057216649,0.6913055140552903,2.122
N,100,5,True,1,5,0.03167371899125464,0.5746973839359418,52.489903039710214,0.663099180313548,2.102
N,100,5,True,1,6,0.0469629787654495,0.5105133915262549,56.37779820840778,0.6511960972169806,2.258
N,100,5,True,1,7,0.05474473057644791,0.4731620070052004,56.50900922713403,0.6615314077680362,2.2619999999999996
N,100,5,True,2,0,0.042822371452787805,0.15490466195849856,42.49301854409162,0.938882291691978,1.702
N,100,5,True,2,1,0.09538945824698535,0.4352235070191902,45.99980848402023,0.8625491396306849,1.8419999999999999
N,100,5,True,2,2,0.06673474170810376,0.4057163842128953,43.85013524764041,0.8188066292140409,1.7559999999999998
N,100,5,True,2,3,0.07519263584637878,0.6000541745527846,46.20128825571972,0.7829840715470143,1.85
N,100,5,True,2,4,0.052493264267921676,0.4384165422661316,46.69401934997833,0.8378675379373582,1.8699999999999999
N,100,5,True,2,5,0.07379206004207146,0.6718843073675667,51.09943979819724,0.6686873948665977,2.046
N,100,5,True,2,6,0.028068680554036357,0.6138609139586478,57.79146633077612,0.6010110126065623,2.3139999999999996
N,100,5,True,2,7,0.05573751020984155,0.6058219854466369,52.68757789475685,0.5974762835900443,2.1100000000000003
N,100,5,False,0,0,0.035545598125853686,0.5487714804571397,50.24413393790894,0.8267871536567604,2.012
N,100,5,False,0,1,0.02820318631382024,0.6335416473592005,50.19418759786081,0.7093679633970946,2.01
N,100,5,False,0,2,0.019620160587514347,0.37822602502648095,49.66302104121998,0.7710935558452352,1.988
N,100,5,False,0,3,0.03605238939770081,0.2858869864253832,49.647858564523084,0.7695807370860661,1.988
N,100,5,False,0,4,0.06223279600524799,0.5364426055147876,51.29843152357828,0.8127218988241776,2.054
N,100,5,False,0,5,0.03393623393795294,0.5423440453791756,49.359262128729924,0.7821095807198588,1.9759999999999998
N,100,5,False,0,6,0.11312488283885534,0.6710634528182539,45.74657552357198,0.8143535795919524,1.832
N,100,5,False,0,7,0.18036440769296097,0.8486307920747493,50.34405302259181,0.7576789942902827,2.016
N,100,5,False,1,0,0.032788304001423726,0.46166821380992734,47.59923278975886,0.8436454365533711,1.906
N,100,5,False,1,1,0.016887903506773917,0.7667333290667047,55.151104150271536,0.6640424502292228,2.2079999999999993
N,100,5,False,1,2,0.03433122468659719,0.4557468603897907,51.9426014247833,0.6995618618057595,2.08
N,100,5,False,1,3,0.022307496982365282,0.3433210710378853,48.69649962009119,0.7867561432876998,1.95
N,100,5,False,1,4,0.013615880621717778,0.5450138643754725,49.74647552932651,0.7691648104021374,1.9919999999999998
N,100,5,False,1,5,0.007580657294702642,0.7790720570130197,56.7328646749919,0.6323025858606819,2.272
N,100,5,False,1,6,0.03460351136246041,0.4831734355215495,56.74355446937608,0.6579464899258273,2.272
N,100,5,False,1,7,0.029696370479553848,0.7462381444694319,54.05422553015411,0.7034868050603837,2.1639999999999997
N,100,5,False,2,0,0.042822371452787805,0.14828405844130166,42.49301854409162,0.938882291691978,1.702
N,100,5,False,2,1,0.10709084095901714,0.4992390433095013,43.09686630602185,0.9368764059184992,1.7260000000000002
N,100,5,False,2,2,0.05876776672554898,0.7521560850108802,39.59944171151286,0.9276629745859786,1.5859999999999999
N,100,5,False,2,3,0.06692663405798464,1.0162472674414023,43.3507225721886,0.7654911539312987,1.736
N,100,5,False,2,4,0.056449267262344616,0.9733882094799606,46.84807175490947,0.7596638706136812,1.8760000000000001
N,100,5,False,2,5,0.0725380380769536,1.2631468290738486,53.393922405768464,0.5849260615003666,2.1380000000000003
N,100,5,False,2,6,0.018479271904566538,1.3537587573444592,62.14613205440463,0.446782001019272,2.488
N,100,5,False,2,7,0.051705764295911505,1.480220635603361,58.64059571606109,0.4195956724672668,2.348
N,300,5,True,0,0,0.09313339724360852,0.49713160907805337,139.51432160536677,0.7786339544343635,1.8626666666666665
N,300,5,True,0,1,0.061948005932832714,0.49095957769755444,157.76352072761892,0.7380680795445647,2.1053333333333333
N,300,5,True,0,2,0.07208468186889061,0.5135418459982427,163.2925343107301,0.6869803114746237,2.1793333333333336
N,300,5,True,0,3,0.09025432772627313,0.5862741542007864,175.50543677011098,0.6546404833548204,2.3419999999999996
N,300,5,True,0,4,0.1211805354306868,0.7543474869963956,172.95582213388747,0.5891547307861209,2.308
N,300,5,True,0,5,0.11395212012214208,0.6500355728071482,173.46186912277795,0.5797250000142233,2.3153333333333337
N,300,5,True,0,6,0.10632332405101642,0.663157263164966,170.35212855131985,0.5715813369892793,2.273333333333333
N,300,5,True,0,7,0.12901938687845477,0.6181004430590452,182.5855996122915,0.5353608057912826,2.4366666666666665
N,300,5,True,1,0,0.04475347881690564,0.4549143127532951,139.88843636998467,0.8246358412674957,1.8679999999999999
N,300,5,True,1,1,0.11712846346147127,0.6828517708990371,157.47879906401812,0.6325328212083365,2.1020000000000003
N,300,5,True,1,2,0.09380249682835701,0.546129840180351,186.61410950563663,0.6232427160153323,2.4899999999999998
N,300,5,True,1,3,0.06731369419760458,0.5079092642306993,165.77555954048697,0.6488886892816821,2.2119999999999997
N,300,5,True,1,4,0.13491250432514734,0.5817447784365773,157.13068127800744,0.6716919538604635,2.0973333333333333
N,300,5,True,1,5,0.1135104148469745,0.6751128220972579,159.52768106819133,0.652446030790758,2.1286666666666667
N,300,5,True,1,6,0.09492360975673125,0.607700709535138,178.32593523914514,0.6253099712425623,2.3793333333333337
N,300,5,True,1,7,0.057567761188054234,0.6689039195889498,181.08153384429173,0.5741511041093182,2.416
N,300,5,True,2,0,0.02424324578420392,0.3275340865315053,134.73733429246744,0.8711926651843266,1.798
N,300,5,True,2,1,0.0765509369701236,0.4485916418509543,140.89755641804135,0.8364699982760879,1.880666666666667
N,300,5,True,2,2,0.06854126722147989,0.48575522925647663,142.05087026125514,0.7711526795135054,1.8966666666666665
N,300,5,True,2,3,0.10499488119804495,0.6354487321011096,148.8282366879689,0.7015960856462936,1.9866666666666668
N,300,5,True,2,4,0.11290037228025135,0.5591833711740901,176.03370682921826,0.6546127436719684,2.349333333333333
N,300,5,True,2,5,0.08209110244240593,0.6674240927254766,161.7038463929877,0.6425417953113158,2.1580000000000004
N,300,5,True,2,6,0.07886108252138636,0.644953003684254,179.47152275302406,0.5503027532193937,2.3953333333333333
N,300,5,True,2,7,0.08812681654299732,0.6341127723334226,176.98373525111205,0.5890317127929553,2.3619999999999997
N,300,5,False,0,0,0.09313339724360852,0.5495363681978002,139.51432160536677,0.7786339544343635,1.8626666666666665
N,300,5,False,0,1,0.06491155792721146,0.577131686899305,145.11665170549514,0.7850556749137652,1.9366666666666668
N,300,5,False,0,2,0.054960105833306294,0.48646694171402827,150.99436971412976,0.7873660287545263,2.0153333333333334
N,300,5,False,0,3,0.0775709998065034,0.632560545740626,156.63860448622833,0.7230572336374372,2.0906666666666665
N,300,5,False,0,4,0.07964245411162567,0.41424683948973023,161.34227356891031,0.7235588548615748,2.1533333333333333
N,300,5,False,0,5,0.09126017998913677,0.49572075224755024,163.60126405719035,0.6536417957746146,2.1839999999999997
N,300,5,False,0,6,0.15767434226117885,0.4630579104847998,175.3870749174241,0.6860014023949951,2.340666666666667
N,300,5,False,0,7,0.10655996914142302,0.37819316742179365,165.2057014816994,0.7213514307885889,2.2053333333333334
N,300,5,False,1,0,0.04475347881690564,0.5385025011400862,139.88843636998467,0.8246358412674957,1.8679999999999999
N,300,5,False,1,1,0.07218070562494247,0.6500670432490971,157.47347674846222,0.7527111064484346,2.1019999999999994
N,300,5,False,1,2,0.08748682139974881,0.5948646623787572,167.8787594633969,0.6212580308010904,2.2399999999999998
N,300,5,False,1,3,0.0563556951251393,0.6891673826399205,178.84597507384507,0.6119959103145358,2.3866666666666667
N,300,5,False,1,4,0.11376620819119485,0.7332606845202956,164.63195772469427,0.6110473824450446,2.1973333333333334
N,300,5,False,1,5,0.10385153421458768,0.937313441821899,172.02386072258952,0.5483810850425088,2.2953333333333332
N,300,5,False,1,6,0.11518524541031455,0.8775418491474611,163.6761959623809,0.5960415615478072,2.184
N,300,5,False,1,7,0.04564413299021615,0.9568966688551899,199.4912164862566,0.4503801821307271,2.6613333333333338
N,300,5,False,2,0,0.02424324578420392,0.34368798244590293,134.73733429246744,0.8711926651843266,1.798
N,300,5,False,2,1,0.0733689348813662,0.5986988873436536,138.09001151950525,0.8588861567818066,1.8433333333333333
N,300,5,False,2,2,0.06755828563949456,0.6126342299375638,119.67309163354187,0.7859383120906319,1.598
N,300,5,False,2,3,0.11530150363314465,0.8003812879197247,127.96585402091189,0.7815877160659299,1.7080000000000002
N,300,5,False,2,4,0.08875964062764137,0.5875976127376141,139.89258010504676,0.8082435258545726,1.8673333333333335
N,300,5,False,2,5,0.0765832394512208,0.6689332542086291,153.34899857294468,0.6594251189911683,2.046666666666667
N,300,5,False,2,6,0.07974728666723659,0.5869818990895048,155.88084746429323,0.7045231839592745,2.080666666666667
N,300,5,False,2,7,0.06027801620072891,0.9446898926986806,167.6856481691117,0.6688867291043556,2.238
N,1000,5,True,0,0,0.06048857713127319,0.3651956616642709,470.15224082218845,0.8611226818433453,1.8828
N,1000,5,True,0,1,0.1426889620886398,0.5862521141210483,491.5474421000555,0.7370236579830113,1.9682
N,1000,5,True,0,2,0.09877709671966403,0.5666012980435351,560.8566477696746,0.6590057545828977,2.2451999999999996
N,1000,5,True,0,3,0.08944793319794025,0.5784612518849667,570.1638302498774,0.6386377309360064,2.2824
N,1000,5,True,0,4,0.1027331392089312,0.5148744723413353,581.4705444939466,0.6102531931842983,2.3276
N,1000,5,True,0,5,0.1562366634621121,0.5881541592215761,609.2841269626239,0.542860248764109,2.439
N,1000,5,True,0,6,0.12416642251032584,0.5792120974546248,624.9876404545302,0.5364191202253552,2.5016
N,1000,5,True,0,7,0.15366710228054148,0.6231477445385865,643.0017168650882,0.5206580454797056,2.5736
N,1000,5,True,1,0,0.07550800467025974,0.42207091674785124,489.456890529122,0.8347263071954408,1.9602
N,1000,5,True,1,1,0.07770361795601141,0.5657099083849424,587.3334457468363,0.6347311562573132,2.3514
N,1000,5,True,1,2,0.12574196129705817,0.5779242728852692,598.658457425505,0.594112949340899,2.3961999999999994
N,1000,5,True,1,3,0.11369253335887122,0.5671275464573275,651.3100955770278,0.526295404249548,2.6068
N,1000,5,True,1,4,0.11595997997788901,0.6877404293843022,660.0396493454895,0.47440102184104377,2.6424
N,1000,5,True,1,5,0.137384998041805,0.781472073093781,663.5657833784546,0.462276425221871,2.6559999999999997
N,1000,5,True,1,6,0.10099058481743065,0.7521412473203918,649.5521527867741,0.43873834610417894,2.5996
N,1000,5,True,1,7,0.1260263379299069,0.6320685199153571,651.4210616434331,0.4835699349642516,2.6082
N,1000,5,True,2,0,0.04996738647023813,0.4008607709860354,483.07176536185705,0.8641345666855009,1.934
N,1000,5,True,2,1,0.08795176472474367,0.484311810621204,483.03095838966874,0.8111040090476351,1.934
N,1000,5,True,2,2,0.05702372619084932,0.5794671527532236,574.479905434323,0.6415002687876905,2.3
N,1000,5,True,2,3,0.12110919126176255,0.6462398576921338,590.4778837714802,0.607140268484462,2.3635999999999995
N,1000,5,True,2,4,0.05823850672180772,0.6010430141835654,630.5201266899073,0.5294980440755934,2.5236
N,1000,5,True,2,5,0.09797911643724239,0.7294716652448971,603.5793110868057,0.525948010313336,2.416
N,1000,5,True,2,6,0.09335087382294346,0.6887710673687144,629.7081160106194,0.5087550186698568,2.5204
N,1000,5,True,2,7,0.16338574751843188,0.6944768418147067,637.7015098096306,0.5134533905352759,2.5526
N,1000,5,False,0,0,0.06048857713127319,0.42999574145882724,470.15224082218845,0.8611226818433453,1.8828
N,1000,5,False,0,1,0.13186754464736472,0.5068040112218184,511.2067956531616,0.7268820576256456,2.0468
N,1000,5,False,0,2,0.10439308342900624,0.4853873429353406,538.1672606377331,0.6718727923801758,2.1544
N,1000,5,False,0,3,0.07774505849616464,0.7454606711114349,580.6774852420064,0.6260522223205128,2.3244
N,1000,5,False,0,4,0.1039350208712208,0.513149197402956,660.5734471840967,0.5149410581218147,2.644
N,1000,5,False,0,5,0.1307915849320413,0.5354246072466974,629.868207230018,0.5821026039077088,2.5212000000000003
N,1000,5,False,0,6,0.11437074660946363,0.735287093078173,642.7632514249692,0.5647201407466427,2.5728
N,1000,5,False,0,7,0.14346141641245186,0.7465652353085311,635.0112541349179,0.5251875362992195,2.5418
N,1000,5,False,1,0,0.07550800467025974,0.5513338300989122,489.456890529122,0.8347263071954408,1.9602
N,1000,5,False,1,1,0.09575602884094359,1.0254483640129424,596.772632776079,0.642673374756211,2.3891999999999998
N,1000,5,False,1,2,0.10593593272369667,0.9342023361765452,588.950289885552,0.5579849810351403,2.3576000000000006
N,1000,5,False,1,3,0.09668600065458424,0.9083984715513873,575.6949237932272,0.5340696898971297,2.3044
N,1000,5,False,1,4,0.14704280970222658,1.246056803815553,536.1085144062898,0.5145384244813122,2.1468
N,1000,5,False,1,5,0.12229765901788517,1.1182193041203923,678.9942635257769,0.4380248922273789,2.7176
N,1000,5,False,1,6,0.11290605467040976,0.9102723803263695,653.8749309721401,0.3945539927268259,2.6168
N,1000,5,False,1,7,0.11872886166860716,0.8017785113458689,659.4266285838339,0.4217030153859206,2.6398
N,1000,5,False,2,0,0.04996738647023813,0.42523914351434167,483.07176536185705,0.8641345666855009,1.934
N,1000,5,False,2,1,0.09354175532496782,0.47950617924184535,463.37658381248275,0.8202469292174708,1.8554000000000002
N,1000,5,False,2,2,0.059738692362767354,0.9033236848637294,562.1350514473199,0.7078600546095446,2.2506
N,1000,5,False,2,3,0.12115251127716807,0.9815074401529904,573.2774158847171,0.616285942038672,2.2950000000000004
N,1000,5,False,2,4,0.05052816675655179,0.7030121628951791,582.2132446503676,0.5804658698500218,2.3304
N,1000,5,False,2,5,0.07392343144912761,0.8959934588060626,584.0683056692842,0.5428353186026361,2.3378
N,1000,5,False,2,6,0.07884791318859394,0.6375280072469718,660.6608272294604,0.46005328193156086,2.6442
N,1000,5,False,2,7,0.1490114987690751,0.5204825309570785,622.2797458470637,0.5399131293501341,2.4907999999999997
N,3000,5,True,0,0,0.04386813572935366,0.4203170582377359,1564.5657969575277,0.7942727547435844,2.0878666666666668
N,3000,5,True,0,1,0.10383203712934959,0.5758963192100768,1612.0372631657492,0.6570187920639328,2.1508666666666665
N,3000,5,True,0,2,0.08127183813376773,0.6098489866166095,1778.839691038936,0.5624343575073716,2.3734
N,3000,5,True,0,3,0.10682251837912421,0.6656162486980327,1838.8349034703108,0.510258227266538,2.453333333333333
N,3000,5,True,0,4,0.08802829436164704,0.698869927628593,1879.0146151644087,0.4643963602377005,2.507
N,3000,5,True,0,5,0.14820052417839613,0.7391271327245886,1977.6515649230557,0.4430879588975586,2.6384
N,3000,5,True,0,6,0.17959224689377262,0.6581980745622313,1792.9097349691424,0.48925176685105765,2.3922
N,3000,5,True,0,7,0.10518661006552552,0.6917362608917901,1909.2395960118988,0.42996352470690624,2.5469999999999997
N,3000,5,True,1,0,0.07210571610676669,0.3910976533524213,1363.9872285967651,0.8528375974937156,1.8206666666666667
N,3000,5,True,1,1,0.07827002091696976,0.5212588929607912,1726.3677623392166,0.644747722535239,2.303533333333333
N,3000,5,True,1,2,0.08573812728428021,0.5081911140733489,1823.3967789879594,0.5824241260178341,2.4330666666666665
N,3000,5,True,1,3,0.10276705940255705,0.6061631843497453,1801.0739302410009,0.5492579609478161,2.4030666666666667
N,3000,5,True,1,4,0.14950652942757775,0.6063769300772273,1859.9358377106084,0.5143992847641115,2.4815333333333336
N,3000,5,True,1,5,0.07806669797061769,0.6128678522738229,1835.6703708948967,0.49097539333840573,2.449466666666667
N,3000,5,True,1,6,0.13402807076582562,0.6485768414575497,1991.5711920113304,0.46717936135220145,2.6570666666666667
N,3000,5,True,1,7,0.15004033829702768,0.6316250527545517,1874.93257506104,0.48244210003766774,2.501466666666667
N,3000,5,True,2,0,0.061408301177742916,0.4539555135738983,1422.6643915553884,0.7645858040030786,1.8983999999999999
N,3000,5,True,2,1,0.1028548871626113,0.5603608716467537,1670.6821050816125,0.6705399890404337,2.2292666666666667
N,3000,5,True,2,2,0.104273116009397,0.5587573857500255,1626.2754825909028,0.6284759194356359,2.17
N,3000,5,True,2,3,0.15493671603145673,0.585417303873201,1755.6257652883626,0.6458757884772395,2.3424666666666667
N,3000,5,True,2,4,0.07431648548029995,0.6973811588242136,1867.427940016391,0.4562932961304065,2.4914666666666667
N,3000,5,True,2,5,0.16588914407058772,0.7978842952004541,2051.9963473297826,0.4612887570912559,2.7375333333333334
N,3000,5,True,2,6,0.09643012217028593,0.7475074212073958,1948.3336296729904,0.40299555059106157,2.599466666666667
N,3000,5,True,2,7,0.12313738314646641,0.7450606874093402,1979.6810034621103,0.4026083607473838,2.6411333333333333
N,3000,5,False,0,0,0.04386813572935366,0.36385668844930474,1564.5657969575277,0.7942727547435844,2.0878666666666668
N,3000,5,False,0,1,0.07311152264755122,0.538224091409361,1620.5395925557368,0.7940095291876723,2.1622
N,3000,5,False,0,2,0.06396469345799426,0.5613885253456857,1661.3398563365088,0.6588690955074197,2.2166
N,3000,5,False,0,3,0.0791839947433107,0.5147304160370585,1581.5584617987374,0.6869507307651215,2.1103333333333336
N,3000,5,False,0,4,0.07146265535132407,0.5617662008589371,1711.2827348186256,0.6203627405280867,2.2832666666666666
N,3000,5,False,0,5,0.10930238330763198,0.5405296871910116,1697.5482678902758,0.6097683495960411,2.2649333333333335
N,3000,5,False,0,6,0.15589348772711967,0.5924460043995357,1571.6685305498152,0.6685590847548402,2.0972666666666666
N,3000,5,False,0,7,0.1184344491862593,0.6214898465552554,1694.4013762126465,0.6501849544689156,2.2606
N,3000,5,False,1,0,0.07210571610676669,0.5241704728635743,1363.9872285967651,0.8528375974937156,1.8206666666666667
N,3000,5,False,1,1,0.07974320567675575,0.986989319894656,1743.2378173831687,0.5989264580297231,2.326
N,3000,5,False,1,2,0.08326848114493142,1.1381613175473992,1759.2211717574614,0.5272456882626009,2.3474
N,3000,5,False,1,3,0.10802217780413209,1.1262608438995447,1501.9700455690459,0.5091438286977515,2.0041333333333333
N,3000,5,False,1,4,0.1492587775709994,1.0378100092893963,1613.3435455114459,0.45687751284133443,2.152733333333333
N,3000,5,False,1,5,0.07109765601827185,0.8115880308366861,1718.6707982571006,0.45753931063572856,2.2934
N,3000,5,False,1,6,0.1282552653497297,0.7981872722943856,1823.6616495559538,0.4982023058173223,2.433133333333333
N,3000,5,False,1,7,0.13475148959021327,0.815957450561984,1680.687485083418,0.5518050994388739,2.2425333333333333
N,3000,5,False,2,0,0.061408301177742916,0.4761192383000633,1422.6643915553884,0.7645858040030786,1.8983999999999999
N,3000,5,False,2,1,0.11133400782683583,0.5262984596806628,1376.6277372031461,0.7759726213226834,1.8372666666666664
N,3000,5,False,2,2,0.08097365762484585,0.5330560886678066,1494.7339124086805,0.7634664197843256,1.9946000000000002
N,3000,5,False,2,3,0.13693231401053652,0.5613825729467805,1530.7596933861616,0.6881651168398946,2.042733333333333
N,3000,5,False,2,4,0.06892419732776002,0.4807982365062241,1753.3249878784075,0.5859327877056935,2.3392666666666666
N,3000,5,False,2,5,0.14997751201118048,0.7715215275487223,1962.1000366653193,0.571777575765154,2.617666666666666
N,3000,5,False,2,6,0.08878780465492336,0.5870986275920541,1861.0318396750943,0.5326312948105254,2.4830666666666668
N,3000,5,False,2,7,0.118940814793415,0.6006633083977219,1729.8773232894612,0.5689142061274035,2.3080666666666665
N,10000,5,True,0,0,0.06548107718788676,0.46381473459592326,5169.763943881551,0.776734857588863,2.06932
N,10000,5,True,0,1,0.09842057712957203,0.7219004577433448,5679.759311872178,0.6062133914449117,2.2736799999999997
N,10000,5,True,0,2,0.10949549723155354,0.6570396285221316,6254.503695147644,0.550758846626058,2.50354
N,10000,5,True,0,3,0.09775565031200123,0.6655536220066794,6155.215514926558,0.5145331167566969,2.46368
N,10000,5,True,0,4,0.18695521983899474,0.6358076875702932,6209.608420347974,0.49363539997474737,2.48524
N,10000,5,True,0,5,0.13358204849509206,0.6289213098583932,6638.888448856398,0.45885027878828666,2.657
N,10000,5,True,0,6,0.15125868889420502,0.6991760484938847,6270.546961133157,0.4511608161295653,2.50974
N,10000,5,True,0,7,0.1338360225357369,0.6769092507642556,6537.547893149223,0.4579474062725842,2.61658
N,10000,5,True,1,0,0.061366614944419695,0.4066073391021745,4917.696486249546,0.8159448902187638,1.9688399999999997
N,10000,5,True,1,1,0.13325264042291812,0.525694452769539,5510.253567941117,0.7033365857525968,2.20574
N,10000,5,True,1,2,0.10677858615669249,0.5104322224540654,5912.661133467516,0.6084601530364663,2.36632
N,10000,5,True,1,3,0.09655234320884534,0.4961923283692044,5995.702809656163,0.5617890062868623,2.4000399999999997
N,10000,5,True,1,4,0.08719238766733331,0.45200665155917874,6261.9350260888805,0.5339352411490317,2.50636
N,10000,5,True,1,5,0.11668499466218409,0.5549541947167947,6302.753357745363,0.5005711026848543,2.5227399999999998
N,10000,5,True,1,6,0.10724977067837821,0.5829169054173541,6413.895270199347,0.46876322517716495,2.5673399999999997
N,10000,5,True,1,7,0.10729956261438117,0.5655273287191392,6593.8603210544725,0.4272149680536744,2.6391400000000003
N,10000,5,True,2,0,0.06552427721462804,0.4425935692170034,5030.244782980973,0.7990078776415273,2.01398
N,10000,5,True,2,1,0.10395454635432226,0.6362400631310685,5751.47130348748,0.64974277373491,2.3022400000000003
N,10000,5,True,2,2,0.079375386749565,0.5705669455421286,5732.7530344170145,0.5860949540060625,2.2944
N,10000,5,True,2,3,0.13330045818438857,0.6730648273487394,5891.5443010947765,0.5700981108512929,2.3581
N,10000,5,True,2,4,0.1524813243113487,0.6876424079992097,5976.666953908372,0.5313680095024829,2.39208
N,10000,5,True,2,5,0.13391197518322523,0.7418662101248032,5451.724819123801,0.5396496604585896,2.18236
N,10000,5,True,2,6,0.10377620569016613,0.7251382703326514,6169.170624728925,0.5296707666072099,2.46926
N,10000,5,True,2,7,0.19346357141139928,0.6859098655825815,6034.396830595349,0.5463086456289128,2.4154799999999996
N,10000,5,False,0,0,0.06548107718788676,0.3619990874022604,5169.763943881551,0.776734857588863,2.06932
N,10000,5,False,0,1,0.08764308246503527,0.770979862833735,5658.330213088148,0.6805770758800328,2.2651600000000003
N,10000,5,False,0,2,0.10426494905997868,0.8593772926078267,5958.976142849623,0.5370537431778197,2.3853
N,10000,5,False,0,3,0.08650406724338142,1.141250243668434,6088.4253732513735,0.5190285256754621,2.4369199999999998
N,10000,5,False,0,4,0.16449275848618103,1.086263522958018,5592.253831645412,0.5173762553371166,2.23826
N,10000,5,False,0,5,0.11973644649258024,1.2334753969293568,6263.057735358356,0.42037642323196006,2.5066800000000002
N,10000,5,False,0,6,0.16468340998733694,1.1676026655400844,5902.202444115345,0.362458906591146,2.3624199999999997
N,10000,5,False,0,7,0.12364998964939701,1.27732215958524,6333.558199744067,0.38501388343810666,2.5349999999999997
N,10000,5,False,1,0,0.061366614944419695,0.3635386097731194,4917.696486249546,0.8159448902187638,1.9688399999999997
N,10000,5,False,1,1,0.1163435941483671,0.475653388763799,5168.590352191226,0.7779771306636466,2.06912
N,10000,5,False,1,2,0.10701253510752141,0.5242963166993144,5016.50121068506,0.7655761465360086,2.00786
N,10000,5,False,1,3,0.08870383151156028,0.48050596340647334,4886.32788784037,0.7512622406407328,1.9562800000000002
N,10000,5,False,1,4,0.0559104907212801,0.5476552323186089,5061.842571930742,0.763215283162081,2.0263
N,10000,5,False,1,5,0.1142209907750163,0.6694897172841411,5437.402436093731,0.6836094807119408,2.17658
N,10000,5,False,1,6,0.09710127801734206,0.649088168744206,6095.184158212323,0.577937833101247,2.4398600000000004
N,10000,5,False,1,7,0.10396569661496377,0.694665997480469,6193.82254708144,0.5137006751370435,2.4791800000000004
N,10000,5,False,2,0,0.06552427721462804,0.8674453414687978,5030.244782980973,0.7990078776415273,2.01398
N,10000,5,False,2,1,0.08450443971769173,0.999515972218296,6112.143672705478,0.5605522171051068,2.4464799999999998
N,10000,5,False,2,2,0.06684466830460532,0.8571468556537821,5923.665801384166,0.5580796299022017,2.3707400000000005
N,10000,5,False,2,3,0.1256900039397387,1.142263970496287,5492.025177521238,0.5614403379757282,2.19832
N,10000,5,False,2,4,0.1406795637938349,1.2253269484917833,5030.301479740427,0.43870003929448453,2.01358
N,10000,5,False,2,5,0.11554692809782295,1.4166091019756002,5347.977124017573,0.3973778882151849,2.1409599999999998
N,10000,5,False,2,6,0.09984787813356544,1.402304644460732,5406.558679246281,0.3947678087919021,2.1642400000000004
N,10000,5,False,2,7,0.19644036160859657,1.2666732602040927,5134.773158818862,0.3902330484393608,2.0556799999999997
M,1000,1,True,0,0,0.05963897110652619,0.49822326249039334,470.28056163484814,0.8738499515861089,1.885
M,1000,1,True,0,1,0.10721803509249285,0.7164676838640782,551.0768210554022,0.7433290138541397,2.207
M,1000,1,True,0,2,0.13681650465348155,0.5199746987961178,566.7720512520085,0.7211893739916323,2.268
M,1000,1,True,0,3,0.09704431791090457,0.5448643557065778,588.1957351890146,0.7526604847393291,2.355
M,1000,1,True,0,4,0.17455079079002192,0.7416056523085057,554.8322840123762,0.6001159137517577,2.221
M,1000,1,True,0,5,0.1684594577715621,0.9230348745095908,675.2410659537157,0.46662963353134085,2.704
M,1000,1,True,0,6,0.19118714330479356,0.8993794209349701,612.2783135423326,0.5048534957198627,2.45
M,1000,1,True,0,7,0.1199381849005483,0.9128742137295754,612.536854088406,0.3976099200644434,2.452
M,1000,1,True,1,0,0.05640318596122057,0.48162393617933313,497.71866840052314,0.8627140757203168,1.995
M,1000,1,True,1,1,0.0629659093795944,0.8543893790114175,650.4399524794321,0.5589555657216525,2.604
M,1000,1,True,1,2,0.0945268194215414,0.8845334739682577,610.7069531890005,0.4751397935758646,2.444
M,1000,1,True,1,3,0.13533278975742896,1.0674765125472023,488.4375068413717,0.30424736515894835,1.956
M,1000,1,True,1,4,0.2722733169110316,0.86323109689431,625.9230304249486,0.4141935049899618,2.507
M,1000,1,True,1,5,0.06000476966731326,0.7547359417322773,680.3877251848073,0.4311464234011425,2.724
M,1000,1,True,1,6,0.14098824127599,0.8212148075677077,610.8922183890043,0.44124946603204607,2.445
M,1000,1,True,1,7,0.05333963712161048,0.593816323910022,611.7172143069761,0.5071367770483739,2.449
M,1000,1,True,2,0,0.04684859282621631,0.49371204588939804,511.9903496845989,0.8356258876943723,2.049
M,1000,1,True,2,1,0.05273940639385069,0.6734986321281682,558.7018201269124,0.6459093545027413,2.236
M,1000,1,True,2,2,0.05806979802618595,0.7665483375260562,608.3652980965801,0.5648001114829498,2.435
M,1000,1,True,2,3,0.12875541695276174,1.0145918997688286,629.2635266808777,0.49634477707027247,2.518
M,1000,1,True,2,4,0.14575021526286608,1.0467343083663152,664.4170628461693,0.4986284982825202,2.659
M,1000,1,True,2,5,0.19110747640281556,0.9257360094055462,523.0459119562191,0.5850140686763964,2.093
M,1000,1,True,2,6,0.1410522626114284,1.0412372360517559,602.0231217720817,0.5149823854278291,2.41
M,1000,1,True,2,7,0.25224701188018805,0.8843389758732624,606.4887175069322,0.5356943460247376,2.428
M,1000,5,True,0,0,0.06048857713127319,0.3651956616642709,470.15224082218845,0.8611226818433453,1.8828
M,1000,5,True,0,1,0.1426889620886398,0.5862521141210483,491.5474421000555,0.7370236579830113,1.9682
M,1000,5,True,0,2,0.09877709671966403,0.5666012980435351,560.8566477696746,0.6590057545828977,2.2451999999999996
M,1000,5,True,0,3,0.08944793319794025,0.5784612518849667,570.1638302498774,0.6386377309360064,2.2824
M,1000,5,True,0,4,0.1027331392089312,0.5148744723413353,581.4705444939466,0.6102531931842983,2.3276
M,1000,5,True,0,5,0.1562366634621121,0.5881541592215761,609.2841269626239,0.542860248764109,2.439
M,1000,5,True,0,6,0.12416642251032584,0.5792120974546248,624.9876404545302,0.5364191202253552,2.5016
M,1000,5,True,0,7,0.15366710228054148,0.6231477445385865,643.0017168650882,0.5206580454797056,2.5736
M,1000,5,True,1,0,0.07550800467025974,0.42207091674785124,489.456890529122,0.8347263071954408,1.9602
M,1000,5,True,1,1,0.07770361795601141,0.5657099083849424,587.3334457468363,0.6347311562573132,2.3514
M,1000,5,True,1,2,0.12574196129705817,0.5779242728852692,598.658457425505,0.594112949340899,2.3961999999999994
M,1000,5,True,1,3,0.11369253335887122,0.5671275464573275,651.3100955770278,0.526295404249548,2.6068
M,1000,5,True,1,4,0.11595997997788901,0.6877404293843022,660.0396493454895,0.47440102184104377,2.6424
M,1000,5,True,1,5,0.137384998041805,0.781472073093781,663.5657833784546,0.462276425221871,2.6559999999999997
M,1000,5,True,1,6,0.10099058481743065,0.7521412473203918,649.5521527867741,0.43873834610417894,2.5996
M,1000,5,True,1,7,0.1260263379299069,0.6320685199153571,651.4210616434331,0.4835699349642516,2.6082
M,1000,5,True,2,0,0.04996738647023813,0.4008607709860354,483.07176536185705,0.8641345666855009,1.934
M,1000,5,True,2,1,0.08795176472474367,0.484311810621204,483.03095838966874,0.8111040090476351,1.934
M,1000,5,True,2,2,0.05702372619084932,0.5794671527532236,574.479905434323,0.6415002687876905,2.3
M,1000,5,True,2,3,0.12110919126176255,0.6462398576921338,590.4778837714802,0.607140268484462,2.3635999999999995
M,1000,5,True,2,4,0.05823850672180772,0.6010430141835654,630.5201266899073,0.5294980440755934,2.5236
M,1000,5,True,2,5,0.09797911643724239,0.7294716652448971,603.5793110868057,0.525948010313336,2.416
M,1000,5,True,2,6,0.09335087382294346,0.6887710673687144,629.7081160106194,0.5087550186698568,2.5204
M,1000,5,True,2,7,0.16338574751843188,0.6944768418147067,637.7015098096306,0.5134533905352759,2.5526
M,1000,20,True,0,0,0.05014153766270736,0.36596946526227286,480.1157032435246,0.8229933244937196,1.9226000000000003
M,1000,20,True,0,1,0.08680392520607866,0.5080907027778298,532.9988335118012,0.7168161301491308,2.1338
M,1000,20,True,0,2,0.09194379317556883,0.5398816907504062,585.8319133891788,0.624383903372299,2.3452
M,1000,20,True,0,3,0.09778135817019412,0.4976986189729266,608.0363100955701,0.5828416537965626,2.434
M,1000,20,True,0,4,0.07595073150046837,0.49272067330061414,625.2872738500096,0.5451939912335484,2.5031
M,1000,20,True,0,5,0.11422944551866399,0.5251589485971073,624.0729111377996,0.5483505368500006,2.49825
M,1000,20,True,0,6,0.11871803483665533,0.47821010363267236,634.1436350720558,0.561876963077877,2.5383
M,1000,20,True,0,7,0.1121739874440936,0.4262174066090292,612.4904742693398,0.5432694691838451,2.4516
M,1000,20,True,1,0,0.07402777915701284,0.45080917472338616,489.3986866890935,0.8283023369338061,1.9597000000000002
M,1000,20,True,1,1,0.08485779956008369,0.611038789849573,562.9095110486605,0.6288688406668917,2.25375
M,1000,20,True,1,2,0.12425885578482838,0.5550803137345683,617.4496835706693,0.5689630240883622,2.47165
M,1000,20,True,1,3,0.1250405896992184,0.5264596909727126,627.5792644874712,0.5437715088874848,2.5122
M,1000,20,True,1,4,0.08322555785146146,0.5121001724720137,642.2699126762948,0.5377313692878264,2.5712
M,1000,20,True,1,5,0.11121176947815811,0.5614218517128894,614.9882723115485,0.5346015775184142,2.4620500000000005
M,1000,20,True,1,6,0.10513780029780435,0.5771043982600093,639.510045303896,0.48515701694746555,2.56
M,1000,20,True,1,7,0.11833833511105807,0.5212517570315892,657.1384386491825,0.5003445208404645,2.63055
M,1000,20,True,2,0,0.05040399111787394,0.4157657967778379,499.1609372795121,0.8180286685264487,1.9985499999999998
M,1000,20,True,2,1,0.08228028143127564,0.5375707200411373,495.8436503561114,0.729922127008315,1.9854500000000002
M,1000,20,True,2,2,0.09178707611373227,0.605130535372623,556.4377399489032,0.6512658510323602,2.2278499999999997
M,1000,20,True,2,3,0.143196073403095,0.6118315198549382,561.1000198581442,0.6326778827833357,2.2461499999999996
M,1000,20,True,2,4,0.09785406447552195,0.5731253647616351,602.7756094941503,0.5923948183456945,2.41295
M,1000,20,True,2,5,0.0940137438480836,0.6034443388027074,606.065454383722,0.556504742057815,2.42605
M,1000,20,True,2,6,0.11140640374486369,0.5646279000750395,633.5086780986375,0.5430273489176483,2.53565
M,1000,20,True,2,7,0.10830038366478995,0.541412565247222,622.5193394325556,0.539854515101568,2.49185
