leak,detection,strategy,maker,quality,was_lying,times_caught,payoff
0.0,0.0,honest,0,3,False,0,1.3499961885937284
0.0,0.0,honest,1,1,False,0,0.012832981851692798
0.0,0.0,honest,2,3,False,0,1.3671674679209567
0.0,0.0,honest,3,1,False,0,0.009807635099441027
0.0,0.0,honest,4,3,False,0,1.4005597231420053
0.0,0.0,honest,5,1,False,0,0.01321975878358319
0.0,0.0,honest,6,3,False,0,1.433842354128877
0.0,0.0,honest,7,1,False,0,0.0069400088439016
0.0,0.0,honest,8,3,False,0,1.3277729996404728
0.0,0.0,honest,9,1,False,0,0.0019569460948726802
0.0,0.0,honest,10,3,False,0,1.409736592911765
0.0,0.0,honest,11,1,False,0,0.013116554902093827
0.0,0.0,honest,12,3,False,0,1.4880453159849543
0.0,0.0,honest,13,1,False,0,0.009501510659122444
0.0,0.0,honest,14,3,False,0,1.3683826301944697
0.0,0.0,honest,15,1,False,0,0.013976540673717288
0.0,0.0,honest,16,3,False,0,1.4206317569223765
0.0,0.0,honest,17,1,False,0,0.0044321405196511305
0.0,0.0,honest,18,3,False,0,1.3710576971800197
0.0,0.0,honest,19,1,False,0,0.004821342047093803
0.0,0.0,honest,20,3,False,0,1.471455711510152
0.0,0.0,honest,21,1,False,0,0.0029612950653943506
0.0,0.0,honest,22,3,False,0,1.4452299358011373
0.0,0.0,honest,23,1,False,0,0.005411108211087533
0.0,0.0,defect,0,3,False,0,1.3499961885937284
0.0,0.0,defect,1,1,True,0,0.6087007812894865
0.0,0.0,defect,2,3,False,0,1.3671674679209567
0.0,0.0,defect,3,1,True,0,0.46787117399434347
0.0,0.0,defect,4,3,False,0,1.4005597231420053
0.0,0.0,defect,5,1,True,0,0.8637612383784835
0.0,0.0,defect,6,3,False,0,1.433842354128877
0.0,0.0,defect,7,1,True,0,0.25528465128812605
0.0,0.0,defect,8,3,False,0,1.3277729996404728
0.0,0.0,defect,9,1,True,0,0.1995213053162943
0.0,0.0,defect,10,3,False,0,1.409736592911765
0.0,0.0,defect,11,1,True,0,0.6794018808863752
0.0,0.0,defect,12,3,False,0,1.4880453159849543
0.0,0.0,defect,13,1,True,0,0.35299829922811793
0.0,0.0,defect,14,3,False,0,1.3683826301944697
0.0,0.0,defect,15,1,True,0,0.6929241438339845
0.0,0.0,defect,16,3,False,0,1.4206317569223765
0.0,0.0,defect,17,1,True,0,0.32403177411365536
0.0,0.0,defect,18,3,False,0,1.3710576971800197
0.0,0.0,defect,19,1,True,0,0.41456127228845485
0.0,0.0,defect,20,3,False,0,1.471455711510152
0.0,0.0,defect,21,1,True,0,0.10865445492192065
0.0,0.0,defect,22,3,False,0,1.4452299358011373
0.0,0.0,defect,23,1,True,0,0.34136425398124626
0.0,0.1,honest,0,3,False,0,1.3499961885937284
0.0,0.1,honest,1,1,False,0,0.012832981851692798
0.0,0.1,honest,2,3,False,0,1.3671674679209567
0.0,0.1,honest,3,1,False,0,0.009807635099441027
0.0,0.1,honest,4,3,False,0,1.4005597231420053
0.0,0.1,honest,5,1,False,0,0.01321975878358319
0.0,0.1,honest,6,3,False,0,1.433842354128877
0.0,0.1,honest,7,1,False,0,0.0069400088439016
0.0,0.1,honest,8,3,False,0,1.3277729996404728
0.0,0.1,honest,9,1,False,0,0.0019569460948726802
0.0,0.1,honest,10,3,False,0,1.409736592911765
0.0,0.1,honest,11,1,False,0,0.013116554902093827
0.0,0.1,honest,12,3,False,0,1.4880453159849543
0.0,0.1,honest,13,1,False,0,0.009501510659122444
0.0,0.1,honest,14,3,False,0,1.3683826301944697
0.0,0.1,honest,15,1,False,0,0.013976540673717288
0.0,0.1,honest,16,3,False,0,1.4206317569223765
0.0,0.1,honest,17,1,False,0,0.0044321405196511305
0.0,0.1,honest,18,3,False,0,1.3710576971800197
0.0,0.1,honest,19,1,False,0,0.004821342047093803
0.0,0.1,honest,20,3,False,0,1.471455711510152
0.0,0.1,honest,21,1,False,0,0.0029612950653943506
0.0,0.1,honest,22,3,False,0,1.4452299358011373
0.0,0.1,honest,23,1,False,0,0.005411108211087533
0.0,0.1,defect,0,3,False,0,1.3499961885937284
0.0,0.1,defect,1,1,True,1,0.4420341146228198
0.0,0.1,defect,2,3,False,0,1.3671674679209567
0.0,0.1,defect,3,1,True,3,-0.03212882600565653
0.0,0.1,defect,4,3,False,0,1.4005597231420053
0.0,0.1,defect,5,1,True,0,0.8637612383784835
0.0,0.1,defect,6,3,False,0,1.433842354128877
0.0,0.1,defect,7,1,True,0,0.25528465128812605
0.0,0.1,defect,8,3,False,0,1.3277729996404728
0.0,0.1,defect,9,1,True,1,0.032854638649627656
0.0,0.1,defect,10,3,False,0,1.409736592911765
0.0,0.1,defect,11,1,True,1,0.5127352142197085
0.0,0.1,defect,12,3,False,0,1.4880453159849543
0.0,0.1,defect,13,1,True,0,0.35299829922811793
0.0,0.1,defect,14,3,False,0,1.3683826301944697
0.0,0.1,defect,15,1,True,2,0.3595908105006511
0.0,0.1,defect,16,3,False,0,1.4206317569223765
0.0,0.1,defect,17,1,True,0,0.32403177411365536
0.0,0.1,defect,18,3,False,0,1.3710576971800197
0.0,0.1,defect,19,1,True,1,0.2478946056217882
0.0,0.1,defect,20,3,False,0,1.471455711510152
0.0,0.1,defect,21,1,True,0,0.10865445492192065
0.0,0.1,defect,22,3,False,0,1.4452299358011373
0.0,0.1,defect,23,1,True,1,0.1746975873145796
0.0,0.25,honest,0,3,False,0,1.3499961885937284
0.0,0.25,honest,1,1,False,0,0.012832981851692798
0.0,0.25,honest,2,3,False,0,1.3671674679209567
0.0,0.25,honest,3,1,False,0,0.009807635099441027
0.0,0.25,honest,4,3,False,0,1.4005597231420053
0.0,0.25,honest,5,1,False,0,0.01321975878358319
0.0,0.25,honest,6,3,False,0,1.433842354128877
0.0,0.25,honest,7,1,False,0,0.0069400088439016
0.0,0.25,honest,8,3,False,0,1.3277729996404728
0.0,0.25,honest,9,1,False,0,0.0019569460948726802
0.0,0.25,honest,10,3,False,0,1.409736592911765
0.0,0.25,honest,11,1,False,0,0.013116554902093827
0.0,0.25,honest,12,3,False,0,1.4880453159849543
0.0,0.25,honest,13,1,False,0,0.009501510659122444
0.0,0.25,honest,14,3,False,0,1.3683826301944697
0.0,0.25,honest,15,1,False,0,0.013976540673717288
0.0,0.25,honest,16,3,False,0,1.4206317569223765
0.0,0.25,honest,17,1,False,0,0.0044321405196511305
0.0,0.25,honest,18,3,False,0,1.3710576971800197
0.0,0.25,honest,19,1,False,0,0.004821342047093803
0.0,0.25,honest,20,3,False,0,1.471455711510152
0.0,0.25,honest,21,1,False,0,0.0029612950653943506
0.0,0.25,honest,22,3,False,0,1.4452299358011373
0.0,0.25,honest,23,1,False,0,0.005411108211087533
0.0,0.25,defect,0,3,False,0,1.3499961885937284
0.0,0.25,defect,1,1,True,1,0.4420341146228198
0.0,0.25,defect,2,3,False,0,1.3671674679209567
0.0,0.25,defect,3,1,True,5,-0.3654621593389899
0.0,0.25,defect,4,3,False,0,1.4005597231420053
0.0,0.25,defect,5,1,True,0,0.8637612383784835
0.0,0.25,defect,6,3,False,0,1.433842354128877
0.0,0.25,defect,7,1,True,4,-0.41138201537854063
0.0,0.25,defect,8,3,False,0,1.3277729996404728
0.0,0.25,defect,9,1,True,5,-0.6338120280170391
0.0,0.25,defect,10,3,False,0,1.409736592911765
0.0,0.25,defect,11,1,True,3,0.17940188088637518
0.0,0.25,defect,12,3,False,0,1.4880453159849543
0.0,0.25,defect,13,1,True,2,0.019664965894784576
0.0,0.25,defect,14,3,False,0,1.3683826301944697
0.0,0.25,defect,15,1,True,3,0.19292414383398448
0.0,0.25,defect,16,3,False,0,1.4206317569223765
0.0,0.25,defect,17,1,True,2,-0.009301559219677957
0.0,0.25,defect,18,3,False,0,1.3710576971800197
0.0,0.25,defect,19,1,True,6,-0.5854387277115451
0.0,0.25,defect,20,3,False,0,1.471455711510152
0.0,0.25,defect,21,1,True,2,-0.22467887841141268
0.0,0.25,defect,22,3,False,0,1.4452299358011373
0.0,0.25,defect,23,1,True,4,-0.3253024126854205
0.0,0.5,honest,0,3,False,0,1.3499961885937284
0.0,0.5,honest,1,1,False,0,0.012832981851692798
0.0,0.5,honest,2,3,False,0,1.3671674679209567
0.0,0.5,honest,3,1,False,0,0.009807635099441027
0.0,0.5,honest,4,3,False,0,1.4005597231420053
0.0,0.5,honest,5,1,False,0,0.01321975878358319
0.0,0.5,honest,6,3,False,0,1.433842354128877
0.0,0.5,honest,7,1,False,0,0.0069400088439016
0.0,0.5,honest,8,3,False,0,1.3277729996404728
0.0,0.5,honest,9,1,False,0,0.0019569460948726802
0.0,0.5,honest,10,3,False,0,1.409736592911765
0.0,0.5,honest,11,1,False,0,0.013116554902093827
0.0,0.5,honest,12,3,False,0,1.4880453159849543
0.0,0.5,honest,13,1,False,0,0.009501510659122444
0.0,0.5,honest,14,3,False,0,1.3683826301944697
0.0,0.5,honest,15,1,False,0,0.013976540673717288
0.0,0.5,honest,16,3,False,0,1.4206317569223765
0.0,0.5,honest,17,1,False,0,0.0044321405196511305
0.0,0.5,honest,18,3,False,0,1.3710576971800197
0.0,0.5,honest,19,1,False,0,0.004821342047093803
0.0,0.5,honest,20,3,False,0,1.471455711510152
0.0,0.5,honest,21,1,False,0,0.0029612950653943506
0.0,0.5,honest,22,3,False,0,1.4452299358011373
0.0,0.5,honest,23,1,False,0,0.005411108211087533
0.0,0.5,defect,0,3,False,0,1.3499961885937284
0.0,0.5,defect,1,1,True,7,-0.5579658853771802
0.0,0.5,defect,2,3,False,0,1.3671674679209567
0.0,0.5,defect,3,1,True,8,-0.86546215933899
0.0,0.5,defect,4,3,False,0,1.4005597231420053
0.0,0.5,defect,5,1,True,7,-0.30290542828818307
0.0,0.5,defect,6,3,False,0,1.433842354128877
0.0,0.5,defect,7,1,True,8,-1.0780486820452075
0.0,0.5,defect,8,3,False,0,1.3277729996404728
0.0,0.5,defect,9,1,True,9,-1.3004786946837055
0.0,0.5,defect,10,3,False,0,1.409736592911765
0.0,0.5,defect,11,1,True,7,-0.4872647857802915
0.0,0.5,defect,12,3,False,0,1.4880453159849543
0.0,0.5,defect,13,1,True,8,-0.9803350341052154
0.0,0.5,defect,14,3,False,0,1.3683826301944697
0.0,0.5,defect,15,1,True,6,-0.30707585616601557
0.0,0.5,defect,16,3,False,0,1.4206317569223765
0.0,0.5,defect,17,1,True,5,-0.509301559219678
0.0,0.5,defect,18,3,False,0,1.3710576971800197
0.0,0.5,defect,19,1,True,8,-0.9187720610448785
0.0,0.5,defect,20,3,False,0,1.471455711510152
0.0,0.5,defect,21,1,True,6,-0.8913455450780794
0.0,0.5,defect,22,3,False,0,1.4452299358011373
0.0,0.5,defect,23,1,True,7,-0.8253024126854204
0.0,0.75,honest,0,3,False,0,1.3499961885937284
0.0,0.75,honest,1,1,False,0,0.012832981851692798
0.0,0.75,honest,2,3,False,0,1.3671674679209567
0.0,0.75,honest,3,1,False,0,0.009807635099441027
0.0,0.75,honest,4,3,False,0,1.4005597231420053
0.0,0.75,honest,5,1,False,0,0.01321975878358319
0.0,0.75,honest,6,3,False,0,1.433842354128877
0.0,0.75,honest,7,1,False,0,0.0069400088439016
0.0,0.75,honest,8,3,False,0,1.3277729996404728
0.0,0.75,honest,9,1,False,0,0.0019569460948726802
0.0,0.75,honest,10,3,False,0,1.409736592911765
0.0,0.75,honest,11,1,False,0,0.013116554902093827
0.0,0.75,honest,12,3,False,0,1.4880453159849543
0.0,0.75,honest,13,1,False,0,0.009501510659122444
0.0,0.75,honest,14,3,False,0,1.3683826301944697
0.0,0.75,honest,15,1,False,0,0.013976540673717288
0.0,0.75,honest,16,3,False,0,1.4206317569223765
0.0,0.75,honest,17,1,False,0,0.0044321405196511305
0.0,0.75,honest,18,3,False,0,1.3710576971800197
0.0,0.75,honest,19,1,False,0,0.004821342047093803
0.0,0.75,honest,20,3,False,0,1.471455711510152
0.0,0.75,honest,21,1,False,0,0.0029612950653943506
0.0,0.75,honest,22,3,False,0,1.4452299358011373
0.0,0.75,honest,23,1,False,0,0.005411108211087533
0.0,0.75,defect,0,3,False,0,1.3499961885937284
0.0,0.75,defect,1,1,True,11,-1.2246325520438466
0.0,0.75,defect,2,3,False,0,1.3671674679209567
0.0,0.75,defect,3,1,True,8,-0.86546215933899
0.0,0.75,defect,4,3,False,0,1.4005597231420053
0.0,0.75,defect,5,1,True,10,-0.802905428288183
0.0,0.75,defect,6,3,False,0,1.433842354128877
0.0,0.75,defect,7,1,True,11,-1.5780486820452075
0.0,0.75,defect,8,3,False,0,1.3277729996404728
0.0,0.75,defect,9,1,True,11,-1.633812028017039
0.0,0.75,defect,10,3,False,0,1.409736592911765
0.0,0.75,defect,11,1,True,9,-0.820598119113625
0.0,0.75,defect,12,3,False,0,1.4880453159849543
0.0,0.75,defect,13,1,True,11,-1.480335034105215
0.0,0.75,defect,14,3,False,0,1.3683826301944697
0.0,0.75,defect,15,1,True,11,-1.1404091894993489
0.0,0.75,defect,16,3,False,0,1.4206317569223765
0.0,0.75,defect,17,1,True,7,-0.8426348925530113
0.0,0.75,defect,18,3,False,0,1.3710576971800197
0.0,0.75,defect,19,1,True,10,-1.2521053943782119
0.0,0.75,defect,20,3,False,0,1.471455711510152
0.0,0.75,defect,21,1,True,7,-1.0580122117447461
0.0,0.75,defect,22,3,False,0,1.4452299358011373
0.0,0.75,defect,23,1,True,10,-1.32530241268542
0.0,1.0,honest,0,3,False,0,1.3499961885937284
0.0,1.0,honest,1,1,False,0,0.012832981851692798
0.0,1.0,honest,2,3,False,0,1.3671674679209567
0.0,1.0,honest,3,1,False,0,0.009807635099441027
0.0,1.0,honest,4,3,False,0,1.4005597231420053
0.0,1.0,honest,5,1,False,0,0.01321975878358319
0.0,1.0,honest,6,3,False,0,1.433842354128877
0.0,1.0,honest,7,1,False,0,0.0069400088439016
0.0,1.0,honest,8,3,False,0,1.3277729996404728
0.0,1.0,honest,9,1,False,0,0.0019569460948726802
0.0,1.0,honest,10,3,False,0,1.409736592911765
0.0,1.0,honest,11,1,False,0,0.013116554902093827
0.0,1.0,honest,12,3,False,0,1.4880453159849543
0.0,1.0,honest,13,1,False,0,0.009501510659122444
0.0,1.0,honest,14,3,False,0,1.3683826301944697
0.0,1.0,honest,15,1,False,0,0.013976540673717288
0.0,1.0,honest,16,3,False,0,1.4206317569223765
0.0,1.0,honest,17,1,False,0,0.0044321405196511305
0.0,1.0,honest,18,3,False,0,1.3710576971800197
0.0,1.0,honest,19,1,False,0,0.004821342047093803
0.0,1.0,honest,20,3,False,0,1.471455711510152
0.0,1.0,honest,21,1,False,0,0.0029612950653943506
0.0,1.0,honest,22,3,False,0,1.4452299358011373
0.0,1.0,honest,23,1,False,0,0.005411108211087533
0.0,1.0,defect,0,3,False,0,1.3499961885937284
0.0,1.0,defect,1,1,True,12,-1.3912992187105135
0.0,1.0,defect,2,3,False,0,1.3671674679209567
0.0,1.0,defect,3,1,True,12,-1.5321288260056567
0.0,1.0,defect,4,3,False,0,1.4005597231420053
0.0,1.0,defect,5,1,True,12,-1.1362387616215164
0.0,1.0,defect,6,3,False,0,1.433842354128877
0.0,1.0,defect,7,1,True,12,-1.744715348711874
0.0,1.0,defect,8,3,False,0,1.3277729996404728
0.0,1.0,defect,9,1,True,12,-1.8004786946837055
0.0,1.0,defect,10,3,False,0,1.409736592911765
0.0,1.0,defect,11,1,True,12,-1.320598119113625
0.0,1.0,defect,12,3,False,0,1.4880453159849543
0.0,1.0,defect,13,1,True,12,-1.647001700771882
0.0,1.0,defect,14,3,False,0,1.3683826301944697
0.0,1.0,defect,15,1,True,12,-1.3070758561660156
0.0,1.0,defect,16,3,False,0,1.4206317569223765
0.0,1.0,defect,17,1,True,12,-1.6759682258863446
0.0,1.0,defect,18,3,False,0,1.3710576971800197
0.0,1.0,defect,19,1,True,12,-1.5854387277115451
0.0,1.0,defect,20,3,False,0,1.471455711510152
0.0,1.0,defect,21,1,True,12,-1.8913455450780792
0.0,1.0,defect,22,3,False,0,1.4452299358011373
0.0,1.0,defect,23,1,True,12,-1.6586357460187535
0.1,0.0,honest,0,3,False,0,1.3507409255345866
0.1,0.0,honest,1,1,False,0,0.02469402704450663
0.1,0.0,honest,2,3,False,0,1.3679227883191356
0.1,0.0,honest,3,1,False,0,0.017466345136990618
0.1,0.0,honest,4,3,False,0,1.4013325020796692
0.1,0.0,honest,5,1,False,0,0.03046090448551593
0.1,0.0,honest,6,3,False,0,1.434633557846147
0.1,0.0,honest,7,1,False,0,0.01582537381075077
0.1,0.0,honest,8,3,False,0,1.3285054844417423
0.1,0.0,honest,9,1,False,0,0.004255508341270922
0.1,0.0,honest,10,3,False,0,1.4105142880083517
0.1,0.0,honest,11,1,False,0,0.027664624265826675
0.1,0.0,honest,12,3,False,0,1.4888662067555407
0.1,0.0,honest,13,1,False,0,0.021208765524052913
0.1,0.0,honest,14,3,False,0,1.3691375086263229
0.1,0.0,honest,15,1,False,0,0.03005130292816538
0.1,0.0,honest,16,3,False,0,1.421416364960321
0.1,0.0,honest,17,1,False,0,0.008995269139638575
0.1,0.0,honest,18,3,False,0,1.3718140505205196
0.1,0.0,honest,19,1,False,0,0.010696534808263963
0.1,0.0,honest,20,3,False,0,1.4722674825459048
0.1,0.0,honest,21,1,False,0,0.007388101559988622
0.1,0.0,honest,22,3,False,0,1.44602722002128
0.1,0.0,honest,23,1,False,0,0.012250548703309874
0.1,0.0,defect,0,3,False,0,1.3507409255345866
0.1,0.0,defect,1,1,True,0,0.6093811345631049
0.1,0.0,defect,2,3,False,0,1.3679227883191356
0.1,0.0,defect,3,1,True,0,0.4702577450357932
0.1,0.0,defect,4,3,False,0,1.4013325020796692
0.1,0.0,defect,5,1,True,0,0.864546737707747
0.1,0.0,defect,6,3,False,0,1.434633557846147
0.1,0.0,defect,7,1,True,0,0.25556317896090397
0.1,0.0,defect,8,3,False,0,1.3285054844417423
0.1,0.0,defect,9,1,True,0,0.19967807094437498
0.1,0.0,defect,10,3,False,0,1.4105142880083517
0.1,0.0,defect,11,1,True,0,0.6800101343923651
0.1,0.0,defect,12,3,False,0,1.4888662067555407
0.1,0.0,defect,13,1,True,0,0.35335068424356075
0.1,0.0,defect,14,3,False,0,1.3691375086263229
0.1,0.0,defect,15,1,True,0,0.6936769501422743
0.1,0.0,defect,16,3,False,0,1.421416364960321
0.1,0.0,defect,17,1,True,0,0.32459042349692163
0.1,0.0,defect,18,3,False,0,1.3718140505205196
0.1,0.0,defect,19,1,True,0,0.41514443928555905
0.1,0.0,defect,20,3,False,0,1.4722674825459048
0.1,0.0,defect,21,1,True,0,0.10883689663456962
0.1,0.0,defect,22,3,False,0,1.44602722002128
0.1,0.0,defect,23,1,True,0,0.341680042149036
0.1,0.1,honest,0,3,False,0,1.3507409255345866
0.1,0.1,honest,1,1,False,0,0.02469402704450663
0.1,0.1,honest,2,3,False,0,1.3679227883191356
0.1,0.1,honest,3,1,False,0,0.017466345136990618
0.1,0.1,honest,4,3,False,0,1.4013325020796692
0.1,0.1,honest,5,1,False,0,0.03046090448551593
0.1,0.1,honest,6,3,False,0,1.434633557846147
0.1,0.1,honest,7,1,False,0,0.01582537381075077
0.1,0.1,honest,8,3,False,0,1.3285054844417423
0.1,0.1,honest,9,1,False,0,0.004255508341270922
0.1,0.1,honest,10,3,False,0,1.4105142880083517
0.1,0.1,honest,11,1,False,0,0.027664624265826675
0.1,0.1,honest,12,3,False,0,1.4888662067555407
0.1,0.1,honest,13,1,False,0,0.021208765524052913
0.1,0.1,honest,14,3,False,0,1.3691375086263229
0.1,0.1,honest,15,1,False,0,0.03005130292816538
0.1,0.1,honest,16,3,False,0,1.421416364960321
0.1,0.1,honest,17,1,False,0,0.008995269139638575
0.1,0.1,honest,18,3,False,0,1.3718140505205196
0.1,0.1,honest,19,1,False,0,0.010696534808263963
0.1,0.1,honest,20,3,False,0,1.4722674825459048
0.1,0.1,honest,21,1,False,0,0.007388101559988622
0.1,0.1,honest,22,3,False,0,1.44602722002128
0.1,0.1,honest,23,1,False,0,0.012250548703309874
0.1,0.1,defect,0,3,False,0,1.3507409255345866
0.1,0.1,defect,1,1,True,1,0.44271446789643826
0.1,0.1,defect,2,3,False,0,1.3679227883191356
0.1,0.1,defect,3,1,True,3,-0.029742254964206755
0.1,0.1,defect,4,3,False,0,1.4013325020796692
0.1,0.1,defect,5,1,True,0,0.864546737707747
0.1,0.1,defect,6,3,False,0,1.434633557846147
0.1,0.1,defect,7,1,True,0,0.25556317896090397
0.1,0.1,defect,8,3,False,0,1.3285054844417423
0.1,0.1,defect,9,1,True,1,0.03301140427770832
0.1,0.1,defect,10,3,False,0,1.4105142880083517
0.1,0.1,defect,11,1,True,1,0.5133434677256985
0.1,0.1,defect,12,3,False,0,1.4888662067555407
0.1,0.1,defect,13,1,True,0,0.35335068424356075
0.1,0.1,defect,14,3,False,0,1.3691375086263229
0.1,0.1,defect,15,1,True,2,0.36034361680894095
0.1,0.1,defect,16,3,False,0,1.421416364960321
0.1,0.1,defect,17,1,True,0,0.32459042349692163
0.1,0.1,defect,18,3,False,0,1.3718140505205196
0.1,0.1,defect,19,1,True,1,0.24847777261889248
0.1,0.1,defect,20,3,False,0,1.4722674825459048
0.1,0.1,defect,21,1,True,0,0.10883689663456962
0.1,0.1,defect,22,3,False,0,1.44602722002128
0.1,0.1,defect,23,1,True,1,0.17501337548236937
0.1,0.25,honest,0,3,False,0,1.3507409255345866
0.1,0.25,honest,1,1,False,0,0.02469402704450663
0.1,0.25,honest,2,3,False,0,1.3679227883191356
0.1,0.25,honest,3,1,False,0,0.017466345136990618
0.1,0.25,honest,4,3,False,0,1.4013325020796692
0.1,0.25,honest,5,1,False,0,0.03046090448551593
0.1,0.25,honest,6,3,False,0,1.434633557846147
0.1,0.25,honest,7,1,False,0,0.01582537381075077
0.1,0.25,honest,8,3,False,0,1.3285054844417423
0.1,0.25,honest,9,1,False,0,0.004255508341270922
0.1,0.25,honest,10,3,False,0,1.4105142880083517
0.1,0.25,honest,11,1,False,0,0.027664624265826675
0.1,0.25,honest,12,3,False,0,1.4888662067555407
0.1,0.25,honest,13,1,False,0,0.021208765524052913
0.1,0.25,honest,14,3,False,0,1.3691375086263229
0.1,0.25,honest,15,1,False,0,0.03005130292816538
0.1,0.25,honest,16,3,False,0,1.421416364960321
0.1,0.25,honest,17,1,False,0,0.008995269139638575
0.1,0.25,honest,18,3,False,0,1.3718140505205196
0.1,0.25,honest,19,1,False,0,0.010696534808263963
0.1,0.25,honest,20,3,False,0,1.4722674825459048
0.1,0.25,honest,21,1,False,0,0.007388101559988622
0.1,0.25,honest,22,3,False,0,1.44602722002128
0.1,0.25,honest,23,1,False,0,0.012250548703309874
0.1,0.25,defect,0,3,False,0,1.3507409255345866
0.1,0.25,defect,1,1,True,1,0.44271446789643826
0.1,0.25,defect,2,3,False,0,1.3679227883191356
0.1,0.25,defect,3,1,True,5,-0.3630755882975401
0.1,0.25,defect,4,3,False,0,1.4013325020796692
0.1,0.25,defect,5,1,True,0,0.864546737707747
0.1,0.25,defect,6,3,False,0,1.434633557846147
0.1,0.25,defect,7,1,True,4,-0.41110348770576266
0.1,0.25,defect,8,3,False,0,1.3285054844417423
0.1,0.25,defect,9,1,True,5,-0.6336552623889583
0.1,0.25,defect,10,3,False,0,1.4105142880083517
0.1,0.25,defect,11,1,True,3,0.18001013439236524
0.1,0.25,defect,12,3,False,0,1.4888662067555407
0.1,0.25,defect,13,1,True,2,0.020017350910227456
0.1,0.25,defect,14,3,False,0,1.3691375086263229
0.1,0.25,defect,15,1,True,3,0.19367695014227435
0.1,0.25,defect,16,3,False,0,1.421416364960321
0.1,0.25,defect,17,1,True,2,-0.008742909836411702
0.1,0.25,defect,18,3,False,0,1.3718140505205196
0.1,0.25,defect,19,1,True,6,-0.5848555607144409
0.1,0.25,defect,20,3,False,0,1.4722674825459048
0.1,0.25,defect,21,1,True,2,-0.2244964366987637
0.1,0.25,defect,22,3,False,0,1.44602722002128
0.1,0.25,defect,23,1,True,4,-0.32498662451763066
0.1,0.5,honest,0,3,False,0,1.3507409255345866
0.1,0.5,honest,1,1,False,0,0.02469402704450663
0.1,0.5,honest,2,3,False,0,1.3679227883191356
0.1,0.5,honest,3,1,False,0,0.017466345136990618
0.1,0.5,honest,4,3,False,0,1.4013325020796692
0.1,0.5,honest,5,1,False,0,0.03046090448551593
0.1,0.5,honest,6,3,False,0,1.434633557846147
0.1,0.5,honest,7,1,False,0,0.01582537381075077
0.1,0.5,honest,8,3,False,0,1.3285054844417423
0.1,0.5,honest,9,1,False,0,0.004255508341270922
0.1,0.5,honest,10,3,False,0,1.4105142880083517
0.1,0.5,honest,11,1,False,0,0.027664624265826675
0.1,0.5,honest,12,3,False,0,1.4888662067555407
0.1,0.5,honest,13,1,False,0,0.021208765524052913
0.1,0.5,honest,14,3,False,0,1.3691375086263229
0.1,0.5,honest,15,1,False,0,0.03005130292816538
0.1,0.5,honest,16,3,False,0,1.421416364960321
0.1,0.5,honest,17,1,False,0,0.008995269139638575
0.1,0.5,honest,18,3,False,0,1.3718140505205196
0.1,0.5,honest,19,1,False,0,0.010696534808263963
0.1,0.5,honest,20,3,False,0,1.4722674825459048
0.1,0.5,honest,21,1,False,0,0.007388101559988622
0.1,0.5,honest,22,3,False,0,1.44602722002128
0.1,0.5,honest,23,1,False,0,0.012250548703309874
0.1,0.5,defect,0,3,False,0,1.3507409255345866
0.1,0.5,defect,1,1,True,7,-0.5572855321035618
0.1,0.5,defect,2,3,False,0,1.3679227883191356
0.1,0.5,defect,3,1,True,8,-0.8630755882975402
0.1,0.5,defect,4,3,False,0,1.4013325020796692
0.1,0.5,defect,5,1,True,7,-0.30211992895891976
0.1,0.5,defect,6,3,False,0,1.434633557846147
0.1,0.5,defect,7,1,True,8,-1.0777701543724294
0.1,0.5,defect,8,3,False,0,1.3285054844417423
0.1,0.5,defect,9,1,True,9,-1.300321929055625
0.1,0.5,defect,10,3,False,0,1.4105142880083517
0.1,0.5,defect,11,1,True,7,-0.4866565322743015
0.1,0.5,defect,12,3,False,0,1.4888662067555407
0.1,0.5,defect,13,1,True,8,-0.9799826490897726
0.1,0.5,defect,14,3,False,0,1.3691375086263229
0.1,0.5,defect,15,1,True,6,-0.3063230498577257
0.1,0.5,defect,16,3,False,0,1.421416364960321
0.1,0.5,defect,17,1,True,5,-0.5087429098364117
0.1,0.5,defect,18,3,False,0,1.3718140505205196
0.1,0.5,defect,19,1,True,8,-0.9181888940477743
0.1,0.5,defect,20,3,False,0,1.4722674825459048
0.1,0.5,defect,21,1,True,6,-0.8911631033654303
0.1,0.5,defect,22,3,False,0,1.44602722002128
0.1,0.5,defect,23,1,True,7,-0.8249866245176308
0.1,0.75,honest,0,3,False,0,1.3507409255345866
0.1,0.75,honest,1,1,False,0,0.02469402704450663
0.1,0.75,honest,2,3,False,0,1.3679227883191356
0.1,0.75,honest,3,1,False,0,0.017466345136990618
0.1,0.75,honest,4,3,False,0,1.4013325020796692
0.1,0.75,honest,5,1,False,0,0.03046090448551593
0.1,0.75,honest,6,3,False,0,1.434633557846147
0.1,0.75,honest,7,1,False,0,0.01582537381075077
0.1,0.75,honest,8,3,False,0,1.3285054844417423
0.1,0.75,honest,9,1,False,0,0.004255508341270922
0.1,0.75,honest,10,3,False,0,1.4105142880083517
0.1,0.75,honest,11,1,False,0,0.027664624265826675
0.1,0.75,honest,12,3,False,0,1.4888662067555407
0.1,0.75,honest,13,1,False,0,0.021208765524052913
0.1,0.75,honest,14,3,False,0,1.3691375086263229
0.1,0.75,honest,15,1,False,0,0.03005130292816538
0.1,0.75,honest,16,3,False,0,1.421416364960321
0.1,0.75,honest,17,1,False,0,0.008995269139638575
0.1,0.75,honest,18,3,False,0,1.3718140505205196
0.1,0.75,honest,19,1,False,0,0.010696534808263963
0.1,0.75,honest,20,3,False,0,1.4722674825459048
0.1,0.75,honest,21,1,False,0,0.007388101559988622
0.1,0.75,honest,22,3,False,0,1.44602722002128
0.1,0.75,honest,23,1,False,0,0.012250548703309874
0.1,0.75,defect,0,3,False,0,1.3507409255345866
0.1,0.75,defect,1,1,True,11,-1.2239521987702286
0.1,0.75,defect,2,3,False,0,1.3679227883191356
0.1,0.75,defect,3,1,True,8,-0.8630755882975402
0.1,0.75,defect,4,3,False,0,1.4013325020796692
0.1,0.75,defect,5,1,True,10,-0.8021199289589198
0.1,0.75,defect,6,3,False,0,1.434633557846147
0.1,0.75,defect,7,1,True,11,-1.5777701543724294
0.1,0.75,defect,8,3,False,0,1.3285054844417423
0.1,0.75,defect,9,1,True,11,-1.6336552623889584
0.1,0.75,defect,10,3,False,0,1.4105142880083517
0.1,0.75,defect,11,1,True,9,-0.8199898656076346
0.1,0.75,defect,12,3,False,0,1.4888662067555407
0.1,0.75,defect,13,1,True,11,-1.4799826490897725
0.1,0.75,defect,14,3,False,0,1.3691375086263229
0.1,0.75,defect,15,1,True,11,-1.139656383191059
0.1,0.75,defect,16,3,False,0,1.421416364960321
0.1,0.75,defect,17,1,True,7,-0.8420762431697449
0.1,0.75,defect,18,3,False,0,1.3718140505205196
0.1,0.75,defect,19,1,True,10,-1.2515222273811075
0.1,0.75,defect,20,3,False,0,1.4722674825459048
0.1,0.75,defect,21,1,True,7,-1.0578297700320969
0.1,0.75,defect,22,3,False,0,1.44602722002128
0.1,0.75,defect,23,1,True,10,-1.3249866245176307
0.1,1.0,honest,0,3,False,0,1.3507409255345866
0.1,1.0,honest,1,1,False,0,0.02469402704450663
0.1,1.0,honest,2,3,False,0,1.3679227883191356
0.1,1.0,honest,3,1,False,0,0.017466345136990618
0.1,1.0,honest,4,3,False,0,1.4013325020796692
0.1,1.0,honest,5,1,False,0,0.03046090448551593
0.1,1.0,honest,6,3,False,0,1.434633557846147
0.1,1.0,honest,7,1,False,0,0.01582537381075077
0.1,1.0,honest,8,3,False,0,1.3285054844417423
0.1,1.0,honest,9,1,False,0,0.004255508341270922
0.1,1.0,honest,10,3,False,0,1.4105142880083517
0.1,1.0,honest,11,1,False,0,0.027664624265826675
0.1,1.0,honest,12,3,False,0,1.4888662067555407
0.1,1.0,honest,13,1,False,0,0.021208765524052913
0.1,1.0,honest,14,3,False,0,1.3691375086263229
0.1,1.0,honest,15,1,False,0,0.03005130292816538
0.1,1.0,honest,16,3,False,0,1.421416364960321
0.1,1.0,honest,17,1,False,0,0.008995269139638575
0.1,1.0,honest,18,3,False,0,1.3718140505205196
0.1,1.0,honest,19,1,False,0,0.010696534808263963
0.1,1.0,honest,20,3,False,0,1.4722674825459048
0.1,1.0,honest,21,1,False,0,0.007388101559988622
0.1,1.0,honest,22,3,False,0,1.44602722002128
0.1,1.0,honest,23,1,False,0,0.012250548703309874
0.1,1.0,defect,0,3,False,0,1.3507409255345866
0.1,1.0,defect,1,1,True,12,-1.3906188654368954
0.1,1.0,defect,2,3,False,0,1.3679227883191356
0.1,1.0,defect,3,1,True,12,-1.5297422549642068
0.1,1.0,defect,4,3,False,0,1.4013325020796692
0.1,1.0,defect,5,1,True,12,-1.135453262292253
0.1,1.0,defect,6,3,False,0,1.434633557846147
0.1,1.0,defect,7,1,True,12,-1.744436821039096
0.1,1.0,defect,8,3,False,0,1.3285054844417423
0.1,1.0,defect,9,1,True,12,-1.800321929055625
0.1,1.0,defect,10,3,False,0,1.4105142880083517
0.1,1.0,defect,11,1,True,12,-1.3199898656076348
0.1,1.0,defect,12,3,False,0,1.4888662067555407
0.1,1.0,defect,13,1,True,12,-1.646649315756439
0.1,1.0,defect,14,3,False,0,1.3691375086263229
0.1,1.0,defect,15,1,True,12,-1.3063230498577256
0.1,1.0,defect,16,3,False,0,1.421416364960321
0.1,1.0,defect,17,1,True,12,-1.6754095765030783
0.1,1.0,defect,18,3,False,0,1.3718140505205196
0.1,1.0,defect,19,1,True,12,-1.584855560714441
0.1,1.0,defect,20,3,False,0,1.4722674825459048
0.1,1.0,defect,21,1,True,12,-1.8911631033654306
0.1,1.0,defect,22,3,False,0,1.44602722002128
0.1,1.0,defect,23,1,True,12,-1.6583199578509642
